table_fullname	table_schema	table_name	column_name	ordinal_position	is_nullable	data_type
OB_00030.V_L0TMS__LD_LEG_DETL_T_OS	OB_00030	V_L0TMS__LD_LEG_DETL_T_OS	ETL_LOAD_TS	1	YES	TIMESTAMP
OB_00030.V_L0TMS__LD_LEG_DETL_T_OS	OB_00030	V_L0TMS__LD_LEG_DETL_T_OS	LD_LEG_DETL_ID	2	YES	INT64
OB_00030.V_L0TMS__LD_LEG_DETL_T_OS	OB_00030	V_L0TMS__LD_LEG_DETL_T_OS	NULLLDLEGDETL_YN	3	YES	STRING
OB_00030.V_L0TMS__LD_LEG_DETL_T_OS	OB_00030	V_L0TMS__LD_LEG_DETL_T_OS	OPT_LCK	4	YES	INT64
OB_00030.V_L0TMS__LD_LEG_DETL_T_OS	OB_00030	V_L0TMS__LD_LEG_DETL_T_OS	SEQ_NUM	5	YES	NUMERIC
OB_00030.V_L0TMS__LD_LEG_DETL_T_OS	OB_00030	V_L0TMS__LD_LEG_DETL_T_OS	FRM_PNT_TYP_ENU	6	YES	NUMERIC
OB_00030.V_L0TMS__LD_LEG_DETL_T_OS	OB_00030	V_L0TMS__LD_LEG_DETL_T_OS	TO_PNT_TYP_ENU	7	YES	NUMERIC
OB_00030.V_L0TMS__LD_LEG_DETL_T_OS	OB_00030	V_L0TMS__LD_LEG_DETL_T_OS	CARR_CMTD_YN	8	YES	STRING
OB_00030.V_L0TMS__LD_LEG_DETL_T_OS	OB_00030	V_L0TMS__LD_LEG_DETL_T_OS	SRVC_CMTD_YN	9	YES	STRING
OB_00030.V_L0TMS__LD_LEG_DETL_T_OS	OB_00030	V_L0TMS__LD_LEG_DETL_T_OS	DRCT_FRHT_YN	10	YES	STRING
OB_00030.V_L0TMS__LD_LEG_DETL_T_OS	OB_00030	V_L0TMS__LD_LEG_DETL_T_OS	CNCY_TYP	11	YES	NUMERIC
OB_00030.V_L0TMS__LD_LEG_DETL_T_OS	OB_00030	V_L0TMS__LD_LEG_DETL_T_OS	ECHG_RATE_PRCE	12	YES	NUMERIC
OB_00030.V_L0TMS__LD_LEG_DETL_T_OS	OB_00030	V_L0TMS__LD_LEG_DETL_T_OS	RSHP_RSN_CD_TYP	13	YES	NUMERIC
OB_00030.V_L0TMS__LD_LEG_DETL_T_OS	OB_00030	V_L0TMS__LD_LEG_DETL_T_OS	SPOT_RATE_YN	14	YES	STRING
OB_00030.V_L0TMS__LD_LEG_DETL_T_OS	OB_00030	V_L0TMS__LD_LEG_DETL_T_OS	HELD_YN	15	YES	STRING
OB_00030.V_L0TMS__LD_LEG_DETL_T_OS	OB_00030	V_L0TMS__LD_LEG_DETL_T_OS	QNTY_LCKD_YN	16	YES	STRING
OB_00030.V_L0TMS__LD_LEG_DETL_T_OS	OB_00030	V_L0TMS__LD_LEG_DETL_T_OS	RLS_FUNC_ENU	17	YES	NUMERIC
OB_00030.V_L0TMS__LD_LEG_DETL_T_OS	OB_00030	V_L0TMS__LD_LEG_DETL_T_OS	PICK_APT_RQRD_YN	18	YES	STRING
OB_00030.V_L0TMS__LD_LEG_DETL_T_OS	OB_00030	V_L0TMS__LD_LEG_DETL_T_OS	DROP_APT_RQRD_YN	19	YES	STRING
OB_00030.V_L0TMS__LD_LEG_DETL_T_OS	OB_00030	V_L0TMS__LD_LEG_DETL_T_OS	SUS_YN	20	YES	STRING
OB_00030.V_L0TMS__LD_LEG_DETL_T_OS	OB_00030	V_L0TMS__LD_LEG_DETL_T_OS	COST_CTR_TYP	21	YES	NUMERIC
OB_00030.V_L0TMS__LD_LEG_DETL_T_OS	OB_00030	V_L0TMS__LD_LEG_DETL_T_OS	CMPD_PKUP_LD_HRS	22	YES	NUMERIC
OB_00030.V_L0TMS__LD_LEG_DETL_T_OS	OB_00030	V_L0TMS__LD_LEG_DETL_T_OS	CMPDDROPUNLD_HRS	23	YES	NUMERIC
OB_00030.V_L0TMS__LD_LEG_DETL_T_OS	OB_00030	V_L0TMS__LD_LEG_DETL_T_OS	MXD_LD_YN	24	YES	STRING
OB_00030.V_L0TMS__LD_LEG_DETL_T_OS	OB_00030	V_L0TMS__LD_LEG_DETL_T_OS	FRHT_TRM_ENU	25	YES	NUMERIC
OB_00030.V_L0TMS__LD_LEG_DETL_T_OS	OB_00030	V_L0TMS__LD_LEG_DETL_T_OS	RATG_VLID_YN	26	YES	STRING
OB_00030.V_L0TMS__LD_LEG_DETL_T_OS	OB_00030	V_L0TMS__LD_LEG_DETL_T_OS	BOL_PRTD_TMS	27	YES	NUMERIC
OB_00030.V_L0TMS__LD_LEG_DETL_T_OS	OB_00030	V_L0TMS__LD_LEG_DETL_T_OS	SHPM_ID	28	YES	INT64
OB_00030.V_L0TMS__LD_LEG_DETL_T_OS	OB_00030	V_L0TMS__LD_LEG_DETL_T_OS	SRVC_CD	29	YES	STRING
OB_00030.V_L0TMS__LD_LEG_DETL_T_OS	OB_00030	V_L0TMS__LD_LEG_DETL_T_OS	CARR_CD	30	YES	STRING
OB_00030.V_L0TMS__LD_LEG_DETL_T_OS	OB_00030	V_L0TMS__LD_LEG_DETL_T_OS	TFF_ID	31	YES	INT64
OB_00030.V_L0TMS__LD_LEG_DETL_T_OS	OB_00030	V_L0TMS__LD_LEG_DETL_T_OS	RATE_CD	32	YES	STRING
OB_00030.V_L0TMS__LD_LEG_DETL_T_OS	OB_00030	V_L0TMS__LD_LEG_DETL_T_OS	FRM_SHPG_LOC_CD	33	YES	STRING
OB_00030.V_L0TMS__LD_LEG_DETL_T_OS	OB_00030	V_L0TMS__LD_LEG_DETL_T_OS	TO_SHPG_LOC_CD	34	YES	STRING
OB_00030.V_L0TMS__LD_LEG_DETL_T_OS	OB_00030	V_L0TMS__LD_LEG_DETL_T_OS	PLAN_ID	35	YES	INT64
OB_00030.V_L0TMS__LD_LEG_DETL_T_OS	OB_00030	V_L0TMS__LD_LEG_DETL_T_OS	CUR_OPTLSTAT_ID	36	YES	NUMERIC
OB_00030.V_L0TMS__LD_LEG_DETL_T_OS	OB_00030	V_L0TMS__LD_LEG_DETL_T_OS	RET_OPTLSTAT_ID	37	YES	NUMERIC
OB_00030.V_L0TMS__LD_LEG_DETL_T_OS	OB_00030	V_L0TMS__LD_LEG_DETL_T_OS	QUE_ID	38	YES	INT64
OB_00030.V_L0TMS__LD_LEG_DETL_T_OS	OB_00030	V_L0TMS__LD_LEG_DETL_T_OS	BILLTO_CUST_CD	39	YES	STRING
OB_00030.V_L0TMS__LD_LEG_DETL_T_OS	OB_00030	V_L0TMS__LD_LEG_DETL_T_OS	LGST_GRP_CD	40	YES	STRING
OB_00030.V_L0TMS__LD_LEG_DETL_T_OS	OB_00030	V_L0TMS__LD_LEG_DETL_T_OS	DIV_CD	41	YES	STRING
OB_00030.V_L0TMS__LD_LEG_DETL_T_OS	OB_00030	V_L0TMS__LD_LEG_DETL_T_OS	LD_LEG_ID	42	YES	INT64
OB_00030.V_L0TMS__LD_LEG_DETL_T_OS	OB_00030	V_L0TMS__LD_LEG_DETL_T_OS	STOP_POD_ID	43	YES	INT64
OB_00030.V_L0TMS__LD_LEG_DETL_T_OS	OB_00030	V_L0TMS__LD_LEG_DETL_T_OS	LDLEGDETL_POD_ID	44	YES	INT64
OB_00030.V_L0TMS__LD_LEG_DETL_T_OS	OB_00030	V_L0TMS__LD_LEG_DETL_T_OS	PICK_STOP_ID	45	YES	INT64
OB_00030.V_L0TMS__LD_LEG_DETL_T_OS	OB_00030	V_L0TMS__LD_LEG_DETL_T_OS	DROP_STOP_ID	46	YES	INT64
OB_00030.V_L0TMS__LD_LEG_DETL_T_OS	OB_00030	V_L0TMS__LD_LEG_DETL_T_OS	CUR_FNCLSTAT_ID	47	YES	NUMERIC
OB_00030.V_L0TMS__LD_LEG_DETL_T_OS	OB_00030	V_L0TMS__LD_LEG_DETL_T_OS	RET_FNCLSTAT_ID	48	YES	NUMERIC
OB_00030.V_L0TMS__LD_LEG_DETL_T_OS	OB_00030	V_L0TMS__LD_LEG_DETL_T_OS	UMSRSYS_ENU	49	YES	NUMERIC
OB_00030.V_L0TMS__LD_LEG_DETL_T_OS	OB_00030	V_L0TMS__LD_LEG_DETL_T_OS	UMSRWGT_ENU	50	YES	NUMERIC
OB_00030.V_L0TMS__LD_LEG_DETL_T_OS	OB_00030	V_L0TMS__LD_LEG_DETL_T_OS	UMSRLEN_ENU	51	YES	NUMERIC
OB_00030.V_L0TMS__LD_LEG_DETL_T_OS	OB_00030	V_L0TMS__LD_LEG_DETL_T_OS	SYS_CALC_AMT_DLR	52	YES	NUMERIC
OB_00030.V_L0TMS__LD_LEG_DETL_T_OS	OB_00030	V_L0TMS__LD_LEG_DETL_T_OS	DSCT_AMT_DLR	53	YES	NUMERIC
OB_00030.V_L0TMS__LD_LEG_DETL_T_OS	OB_00030	V_L0TMS__LD_LEG_DETL_T_OS	CHGD_AMT_DLR	54	YES	NUMERIC
OB_00030.V_L0TMS__LD_LEG_DETL_T_OS	OB_00030	V_L0TMS__LD_LEG_DETL_T_OS	FEDL_TAX_AMT_DLR	55	YES	NUMERIC
OB_00030.V_L0TMS__LD_LEG_DETL_T_OS	OB_00030	V_L0TMS__LD_LEG_DETL_T_OS	STA_TAX_AMT_DLR	56	YES	NUMERIC
OB_00030.V_L0TMS__LD_LEG_DETL_T_OS	OB_00030	V_L0TMS__LD_LEG_DETL_T_OS	LOC_TAX_AMT_DLR	57	YES	NUMERIC
OB_00030.V_L0TMS__LD_LEG_DETL_T_OS	OB_00030	V_L0TMS__LD_LEG_DETL_T_OS	ADTN_CHRG_DLR	58	YES	NUMERIC
OB_00030.V_L0TMS__LD_LEG_DETL_T_OS	OB_00030	V_L0TMS__LD_LEG_DETL_T_OS	PRECSLD_AMT_DLR	59	YES	NUMERIC
OB_00030.V_L0TMS__LD_LEG_DETL_T_OS	OB_00030	V_L0TMS__LD_LEG_DETL_T_OS	FRM_HUBRGN_ZN_CD	60	YES	STRING
OB_00030.V_L0TMS__LD_LEG_DETL_T_OS	OB_00030	V_L0TMS__LD_LEG_DETL_T_OS	TO_HUBRGN_ZN_CD	61	YES	STRING
OB_00030.V_L0TMS__LD_LEG_DETL_T_OS	OB_00030	V_L0TMS__LD_LEG_DETL_T_OS	CSLD_CLS	62	YES	STRING
OB_00030.V_L0TMS__LD_LEG_DETL_T_OS	OB_00030	V_L0TMS__LD_LEG_DETL_T_OS	DLVY_SEQ	63	YES	NUMERIC
OB_00030.V_L0TMS__LD_LEG_DETL_T_OS	OB_00030	V_L0TMS__LD_LEG_DETL_T_OS	CUST_CD	64	YES	STRING
OB_00030.V_L0TMS__LD_LEG_DETL_T_OS	OB_00030	V_L0TMS__LD_LEG_DETL_T_OS	CMPDPKUPARVL_DTT	65	YES	DATETIME
OB_00030.V_L0TMS__LD_LEG_DETL_T_OS	OB_00030	V_L0TMS__LD_LEG_DETL_T_OS	CMPDPKUPDPTR_DTT	66	YES	DATETIME
OB_00030.V_L0TMS__LD_LEG_DETL_T_OS	OB_00030	V_L0TMS__LD_LEG_DETL_T_OS	CMPDDROPARVL_DTT	67	YES	DATETIME
OB_00030.V_L0TMS__LD_LEG_DETL_T_OS	OB_00030	V_L0TMS__LD_LEG_DETL_T_OS	CMPDDROPDPTR_DTT	68	YES	DATETIME
OB_00030.V_L0TMS__LD_LEG_DETL_T_OS	OB_00030	V_L0TMS__LD_LEG_DETL_T_OS	ACC_NUM	69	YES	STRING
OB_00030.V_L0TMS__LD_LEG_DETL_T_OS	OB_00030	V_L0TMS__LD_LEG_DETL_T_OS	PKUP_APT_ID	70	YES	INT64
OB_00030.V_L0TMS__LD_LEG_DETL_T_OS	OB_00030	V_L0TMS__LD_LEG_DETL_T_OS	DROP_APT_ID	71	YES	INT64
OB_00030.V_L0TMS__LD_LEG_DETL_T_OS	OB_00030	V_L0TMS__LD_LEG_DETL_T_OS	CFMD_DTT	72	YES	DATETIME
OB_00030.V_L0TMS__LD_LEG_DETL_T_OS	OB_00030	V_L0TMS__LD_LEG_DETL_T_OS	VCHRRUNEXCPAP_ID	73	YES	INT64
OB_00030.V_L0TMS__LD_LEG_DETL_T_OS	OB_00030	V_L0TMS__LD_LEG_DETL_T_OS	MMO_ID	74	YES	INT64
OB_00030.V_L0TMS__LD_LEG_DETL_T_OS	OB_00030	V_L0TMS__LD_LEG_DETL_T_OS	EDI_204_ISUD_YN	75	YES	STRING
OB_00030.V_L0TMS__LD_LEG_DETL_T_OS	OB_00030	V_L0TMS__LD_LEG_DETL_T_OS	RATD_DTT	76	YES	DATETIME
OB_00030.V_L0TMS__LD_LEG_DETL_T_OS	OB_00030	V_L0TMS__LD_LEG_DETL_T_OS	VCHRRUNEXCPAR_ID	77	YES	INT64
OB_00030.V_L0TMS__LD_LEG_DETL_T_OS	OB_00030	V_L0TMS__LD_LEG_DETL_T_OS	RUTD_ORI_ZN_CD	78	YES	STRING
OB_00030.V_L0TMS__LD_LEG_DETL_T_OS	OB_00030	V_L0TMS__LD_LEG_DETL_T_OS	RUTD_DEST_ZN_CD	79	YES	STRING
OB_00030.V_L0TMS__LD_LEG_DETL_T_OS	OB_00030	V_L0TMS__LD_LEG_DETL_T_OS	SHPM_OPTLSTAT_ID	80	YES	INT64
OB_00030.V_L0TMS__LD_LEG_DETL_T_OS	OB_00030	V_L0TMS__LD_LEG_DETL_T_OS	PKUP_DPTR_DTT	81	YES	DATETIME
OB_00030.V_L0TMS__LD_LEG_DETL_T_OS	OB_00030	V_L0TMS__LD_LEG_DETL_T_OS	PKUP_ARVL_DTT	82	YES	DATETIME
OB_00030.V_L0TMS__LD_LEG_DETL_T_OS	OB_00030	V_L0TMS__LD_LEG_DETL_T_OS	PKUP_DATE_SRC	83	YES	NUMERIC
OB_00030.V_L0TMS__LD_LEG_DETL_T_OS	OB_00030	V_L0TMS__LD_LEG_DETL_T_OS	DROP_DPTR_DTT	84	YES	DATETIME
OB_00030.V_L0TMS__LD_LEG_DETL_T_OS	OB_00030	V_L0TMS__LD_LEG_DETL_T_OS	DROP_ARVL_DTT	85	YES	DATETIME
OB_00030.V_L0TMS__LD_LEG_DETL_T_OS	OB_00030	V_L0TMS__LD_LEG_DETL_T_OS	DROP_DATE_SRC	86	YES	NUMERIC
OB_00030.V_L0TMS__LD_LEG_DETL_T_OS	OB_00030	V_L0TMS__LD_LEG_DETL_T_OS	RFRC_NUM_TYP	87	YES	NUMERIC
OB_00030.V_L0TMS__LD_LEG_DETL_T_OS	OB_00030	V_L0TMS__LD_LEG_DETL_T_OS	RFRC_NUM	88	YES	STRING
OB_00030.V_L0TMS__LD_LEG_DETL_T_OS	OB_00030	V_L0TMS__LD_LEG_DETL_T_OS	RFRC_NUM_ID	89	YES	INT64
OB_00030.V_L0TMS__LD_LEG_DETL_T_OS	OB_00030	V_L0TMS__LD_LEG_DETL_T_OS	BOL_QLFR_ID	90	YES	INT64
OB_00030.V_L0TMS__LD_LEG_DETL_T_OS	OB_00030	V_L0TMS__LD_LEG_DETL_T_OS	BOL_NUM	91	YES	STRING
OB_00030.V_L0TMS__LD_LEG_DETL_T_OS	OB_00030	V_L0TMS__LD_LEG_DETL_T_OS	SHPM_NUM	92	YES	STRING
OB_00030.V_L0TMS__LD_LEG_DETL_T_OS	OB_00030	V_L0TMS__LD_LEG_DETL_T_OS	BS_WGT	93	YES	NUMERIC
OB_00030.V_L0TMS__LD_LEG_DETL_T_OS	OB_00030	V_L0TMS__LD_LEG_DETL_T_OS	BS_VOL	94	YES	NUMERIC
OB_00030.V_L0TMS__LD_LEG_DETL_T_OS	OB_00030	V_L0TMS__LD_LEG_DETL_T_OS	SHPM_LGST_GRP_CD	95	YES	STRING
OB_00030.V_L0TMS__LD_LEG_DETL_T_OS	OB_00030	V_L0TMS__LD_LEG_DETL_T_OS	TRPT_ODR_CD	96	YES	STRING
OB_00030.V_L0TMS__LD_LEG_DETL_T_OS	OB_00030	V_L0TMS__LD_LEG_DETL_T_OS	FRM_CTRY_CD	97	YES	STRING
OB_00030.V_L0TMS__LD_LEG_DETL_T_OS	OB_00030	V_L0TMS__LD_LEG_DETL_T_OS	FRM_STA_CD	98	YES	STRING
OB_00030.V_L0TMS__LD_LEG_DETL_T_OS	OB_00030	V_L0TMS__LD_LEG_DETL_T_OS	FRM_CTY_NAME	99	YES	STRING
OB_00030.V_L0TMS__LD_LEG_DETL_T_OS	OB_00030	V_L0TMS__LD_LEG_DETL_T_OS	FRM_PSTL_CD	100	YES	STRING
OB_00030.V_L0TMS__LD_LEG_DETL_T_OS	OB_00030	V_L0TMS__LD_LEG_DETL_T_OS	TO_CTRY_CD	101	YES	STRING
OB_00030.V_L0TMS__LD_LEG_DETL_T_OS	OB_00030	V_L0TMS__LD_LEG_DETL_T_OS	TO_STA_CD	102	YES	STRING
OB_00030.V_L0TMS__LD_LEG_DETL_T_OS	OB_00030	V_L0TMS__LD_LEG_DETL_T_OS	TO_CTY_NAME	103	YES	STRING
OB_00030.V_L0TMS__LD_LEG_DETL_T_OS	OB_00030	V_L0TMS__LD_LEG_DETL_T_OS	TO_PSTL_CD	104	YES	STRING
OB_00030.V_L0TMS__LD_LEG_DETL_T_OS	OB_00030	V_L0TMS__LD_LEG_DETL_T_OS	MRGE_CSLD_CLS_ID	105	YES	STRING
OB_00030.V_L0TMS__LD_LEG_DETL_T_OS	OB_00030	V_L0TMS__LD_LEG_DETL_T_OS	MRGE_CSLD_SEQ_NUM	106	YES	NUMERIC
OB_00030.V_L0TMS__LD_LEG_DETL_T_OS	OB_00030	V_L0TMS__LD_LEG_DETL_T_OS	URGT_YN	107	YES	STRING
OB_00030.V_L0TMS__LD_LEG_DETL_T_OS	OB_00030	V_L0TMS__LD_LEG_DETL_T_OS	BS_LDN_LEN	108	YES	NUMERIC
OB_00030.V_L0TMS__LD_LEG_DETL_T_OS	OB_00030	V_L0TMS__LD_LEG_DETL_T_OS	TOT_DIST	109	YES	NUMERIC
OB_00030.V_L0TMS__LD_LEG_DETL_T_OS	OB_00030	V_L0TMS__LD_LEG_DETL_T_OS	NON_LIVE_PKUP_YN	110	YES	STRING
OB_00030.V_L0TMS__LD_LEG_DETL_T_OS	OB_00030	V_L0TMS__LD_LEG_DETL_T_OS	NON_LIVE_DRPF_YN	111	YES	STRING
OB_00030.V_L0TMS__LD_LEG_DETL_T_OS	OB_00030	V_L0TMS__LD_LEG_DETL_T_OS	EQMT_TYP	112	YES	STRING
OB_00030.V_L0TMS__LD_LEG_DETL_T_OS	OB_00030	V_L0TMS__LD_LEG_DETL_T_OS	EQMT_TYP_CMTD_YN	113	YES	STRING
OB_00030.V_L0TMS__LD_LEG_DETL_T_OS	OB_00030	V_L0TMS__LD_LEG_DETL_T_OS	UMSRDIST_ENU	114	YES	NUMERIC
OB_00030.V_L0TMS__LD_LEG_DETL_T_OS	OB_00030	V_L0TMS__LD_LEG_DETL_T_OS	PICK_SEQ	115	YES	NUMERIC
OB_00030.V_L0TMS__LD_LEG_DETL_T_OS	OB_00030	V_L0TMS__LD_LEG_DETL_T_OS	RATE_CD_TFF_ID	116	YES	INT64
OB_00030.V_L0TMS__LD_LEG_DETL_T_OS	OB_00030	V_L0TMS__LD_LEG_DETL_T_OS	OP_LST_NON_EMTY_YN	117	YES	STRING
OB_00030.V_L0TMS__LD_LEG_DETL_T_OS	OB_00030	V_L0TMS__LD_LEG_DETL_T_OS	ORDR_GRP_CD	118	YES	STRING
OB_00030.V_L0TMS__LD_LEG_DETL_T_OS	OB_00030	V_L0TMS__LD_LEG_DETL_T_OS	CDTY_PICK_SEQ_NUM	119	YES	NUMERIC
OB_00030.V_L0TMS__LD_LEG_DETL_T_OS	OB_00030	V_L0TMS__LD_LEG_DETL_T_OS	COMP_TRKG_YN	120	YES	STRING
OB_00030.V_L0TMS__LD_LEG_DETL_T_OS	OB_00030	V_L0TMS__LD_LEG_DETL_T_OS	CFMG_BY_SHPMLEG_ID	121	YES	INT64
OB_00030.V_L0TMS__LD_LEG_DETL_T_OS	OB_00030	V_L0TMS__LD_LEG_DETL_T_OS	LD_LEG_CAT_ENU	122	YES	INT64
OB_00030.V_L0TMS__LD_LEG_DETL_T_OS	OB_00030	V_L0TMS__LD_LEG_DETL_T_OS	DISPLAY_STATUS	123	YES	NUMERIC
OB_00030.V_L0TMS__LD_LEG_DETL_T_OS	OB_00030	V_L0TMS__LD_LEG_DETL_T_OS	DRIVING_HRS	124	YES	NUMERIC
OB_00030.V_L0TMS__LD_LEG_DETL_T_OS	OB_00030	V_L0TMS__LD_LEG_DETL_T_OS	ELPD_HRS	125	YES	NUMERIC
OB_00030.V_L0TMS__LD_LEG_DETL_T_OS	OB_00030	V_L0TMS__LD_LEG_DETL_T_OS	ON_DUTY_HRS	126	YES	NUMERIC
OB_00030.V_L0TMS__LD_LEG_DETL_T_OS	OB_00030	V_L0TMS__LD_LEG_DETL_T_OS	OFF_DUTY_HRS	127	YES	NUMERIC
OB_00030.V_L0TMS__LD_LEG_DETL_T_OS	OB_00030	V_L0TMS__LD_LEG_DETL_T_OS	PKUP_WAIT_HRS	128	YES	NUMERIC
OB_00030.V_L0TMS__LD_LEG_DETL_T_OS	OB_00030	V_L0TMS__LD_LEG_DETL_T_OS	DROP_WAIT_HRS	129	YES	NUMERIC
OB_00030.V_L0TMS__LD_LEG_DETL_T_OS	OB_00030	V_L0TMS__LD_LEG_DETL_T_OS	TNST_MD_ENU	130	YES	INT64
OB_00030.V_L0TMS__LD_LEG_DETL_T_OS	OB_00030	V_L0TMS__LD_LEG_DETL_T_OS	TNST_MD_CMTD_YN	131	YES	STRING
OB_00030.V_L0TMS__LD_LEG_DETL_T_OS	OB_00030	V_L0TMS__LD_LEG_DETL_T_OS	FRM_SHPG_LOC_NAME	132	YES	STRING
OB_00030.V_L0TMS__LD_LEG_DETL_T_OS	OB_00030	V_L0TMS__LD_LEG_DETL_T_OS	TO_SHPG_LOC_NAME	133	YES	STRING
OB_00030.V_L0TMS__LD_LEG_DETL_T_OS	OB_00030	V_L0TMS__LD_LEG_DETL_T_OS	SCHD_ACTV_YN	134	YES	STRING
OB_00030.V_L0TMS__LD_LEG_DETL_T_OS	OB_00030	V_L0TMS__LD_LEG_DETL_T_OS	HD_LD_YN	135	YES	STRING
OB_00030.V_L0TMS__LD_LEG_DETL_T_OS	OB_00030	V_L0TMS__LD_LEG_DETL_T_OS	DETL_RPTD_YN	136	YES	STRING
OB_00030.V_L0TMS__LD_LEG_DETL_T_OS	OB_00030	V_L0TMS__LD_LEG_DETL_T_OS	DETL_RPTD_USR_CD	137	YES	STRING
OB_00030.V_L0TMS__LD_LEG_DETL_T_OS	OB_00030	V_L0TMS__LD_LEG_DETL_T_OS	DETL_RPTD_DTT	138	YES	DATETIME
OB_00030.V_L0TMS__LD_LEG_DETL_T_OS	OB_00030	V_L0TMS__LD_LEG_DETL_T_OS	DETL_WGT	139	YES	NUMERIC
OB_00030.V_L0TMS__LD_LEG_DETL_T_OS	OB_00030	V_L0TMS__LD_LEG_DETL_T_OS	DETL_VOL	140	YES	NUMERIC
OB_00030.V_L0TMS__LD_LEG_DETL_T_OS	OB_00030	V_L0TMS__LD_LEG_DETL_T_OS	DETL_LDN_LEN	141	YES	NUMERIC
OB_00030.V_L0TMS__LD_LEG_DETL_T_OS	OB_00030	V_L0TMS__LD_LEG_DETL_T_OS	DETL_ODR_VAL_DLR	142	YES	NUMERIC
OB_00030.V_L0TMS__LD_LEG_DETL_T_OS	OB_00030	V_L0TMS__LD_LEG_DETL_T_OS	DETL_DCLD_VAL_DLR	143	YES	NUMERIC
OB_00030.V_L0TMS__LD_LEG_DETL_T_OS	OB_00030	V_L0TMS__LD_LEG_DETL_T_OS	DETL_TOT_PCE	144	YES	NUMERIC
OB_00030.V_L0TMS__LD_LEG_DETL_T_OS	OB_00030	V_L0TMS__LD_LEG_DETL_T_OS	DETL_TOT_SKID	145	YES	NUMERIC
OB_00030.V_L0TMS__LD_LEG_DETL_T_OS	OB_00030	V_L0TMS__LD_LEG_DETL_T_OS	DETL_BS_WGT	146	YES	NUMERIC
OB_00030.V_L0TMS__LD_LEG_DETL_T_OS	OB_00030	V_L0TMS__LD_LEG_DETL_T_OS	DETL_BS_VOL	147	YES	NUMERIC
OB_00030.V_L0TMS__LD_LEG_DETL_T_OS	OB_00030	V_L0TMS__LD_LEG_DETL_T_OS	DETL_BS_LDN_LEN	148	YES	NUMERIC
OB_00030.V_L0TMS__LD_LEG_DETL_T_OS	OB_00030	V_L0TMS__LD_LEG_DETL_T_OS	DETL_BS_ODRVAL_DLR	149	YES	NUMERIC
OB_00030.V_L0TMS__LD_LEG_DETL_T_OS	OB_00030	V_L0TMS__LD_LEG_DETL_T_OS	DETL_BS_DCLDVAL_DLR	150	YES	NUMERIC
OB_00030.V_L0TMS__LD_LEG_DETL_T_OS	OB_00030	V_L0TMS__LD_LEG_DETL_T_OS	RFRC_NUM1	151	YES	STRING
OB_00030.V_L0TMS__LD_LEG_DETL_T_OS	OB_00030	V_L0TMS__LD_LEG_DETL_T_OS	RFRC_NUM2	152	YES	STRING
OB_00030.V_L0TMS__LD_LEG_DETL_T_OS	OB_00030	V_L0TMS__LD_LEG_DETL_T_OS	RFRC_NUM3	153	YES	STRING
OB_00030.V_L0TMS__LD_LEG_DETL_T_OS	OB_00030	V_L0TMS__LD_LEG_DETL_T_OS	RFRC_NUM4	154	YES	STRING
OB_00030.V_L0TMS__LD_LEG_DETL_T_OS	OB_00030	V_L0TMS__LD_LEG_DETL_T_OS	RFRC_NUM5	155	YES	STRING
OB_00030.V_L0TMS__LD_LEG_DETL_T_OS	OB_00030	V_L0TMS__LD_LEG_DETL_T_OS	RFRC_NUM6	156	YES	STRING
OB_00030.V_L0TMS__LD_LEG_DETL_T_OS	OB_00030	V_L0TMS__LD_LEG_DETL_T_OS	RFRC_NUM7	157	YES	STRING
OB_00030.V_L0TMS__LD_LEG_DETL_T_OS	OB_00030	V_L0TMS__LD_LEG_DETL_T_OS	RFRC_NUM8	158	YES	STRING
OB_00030.V_L0TMS__LD_LEG_DETL_T_OS	OB_00030	V_L0TMS__LD_LEG_DETL_T_OS	RFRC_NUM9	159	YES	STRING
OB_00030.V_L0TMS__LD_LEG_DETL_T_OS	OB_00030	V_L0TMS__LD_LEG_DETL_T_OS	RFRC_NUM10	160	YES	STRING
OB_00030.V_L0TMS__LD_LEG_DETL_T_OS	OB_00030	V_L0TMS__LD_LEG_DETL_T_OS	RFRC_NUM11	161	YES	STRING
OB_00030.V_L0TMS__LD_LEG_DETL_T_OS	OB_00030	V_L0TMS__LD_LEG_DETL_T_OS	RFRC_NUM12	162	YES	STRING
OB_00030.V_L0TMS__LD_LEG_DETL_T_OS	OB_00030	V_L0TMS__LD_LEG_DETL_T_OS	RFRC_NUM13	163	YES	STRING
OB_00030.V_L0TMS__LD_LEG_DETL_T_OS	OB_00030	V_L0TMS__LD_LEG_DETL_T_OS	RFRC_NUM14	164	YES	STRING
OB_00030.V_L0TMS__LD_LEG_DETL_T_OS	OB_00030	V_L0TMS__LD_LEG_DETL_T_OS	RFRC_NUM15	165	YES	STRING
OB_00030.V_L0TMS__LD_LEG_DETL_T_OS	OB_00030	V_L0TMS__LD_LEG_DETL_T_OS	RFRC_NUM16	166	YES	STRING
OB_00030.V_L0TMS__LD_LEG_DETL_T_OS	OB_00030	V_L0TMS__LD_LEG_DETL_T_OS	RFRC_NUM17	167	YES	STRING
OB_00030.V_L0TMS__LD_LEG_DETL_T_OS	OB_00030	V_L0TMS__LD_LEG_DETL_T_OS	RFRC_NUM18	168	YES	STRING
OB_00030.V_L0TMS__LD_LEG_DETL_T_OS	OB_00030	V_L0TMS__LD_LEG_DETL_T_OS	RFRC_NUM19	169	YES	STRING
OB_00030.V_L0TMS__LD_LEG_DETL_T_OS	OB_00030	V_L0TMS__LD_LEG_DETL_T_OS	RFRC_NUM20	170	YES	STRING
OB_00030.V_L0TMS__LD_LEG_DETL_T_OS	OB_00030	V_L0TMS__LD_LEG_DETL_T_OS	SHPM_DESC	171	YES	STRING
OB_00030.V_L0TMS__LD_LEG_DETL_T_OS	OB_00030	V_L0TMS__LD_LEG_DETL_T_OS	OPTM_PLAN_ID	172	YES	INT64
OB_00030.V_L0TMS__LD_LEG_DETL_T_OS	OB_00030	V_L0TMS__LD_LEG_DETL_T_OS	LD_SRC_ENU	173	YES	NUMERIC
OB_00030.V_L0TMS__LD_LEG_DETL_T_OS	OB_00030	V_L0TMS__LD_LEG_DETL_T_OS	INPT_UMSR_SYS_ENU	174	YES	NUMERIC
OB_00030.V_L0TMS__LD_LEG_DETL_T_OS	OB_00030	V_L0TMS__LD_LEG_DETL_T_OS	INPT_UMSR_DIST_ENU	175	YES	NUMERIC
OB_00030.V_L0TMS__LD_LEG_DETL_T_OS	OB_00030	V_L0TMS__LD_LEG_DETL_T_OS	INPT_UMSR_LEN_ENU	176	YES	NUMERIC
OB_00030.V_L0TMS__LD_LEG_DETL_T_OS	OB_00030	V_L0TMS__LD_LEG_DETL_T_OS	INPT_UMSR_WGT_ENU	177	YES	NUMERIC
OB_00030.V_L0TMS__LD_LEG_DETL_T_OS	OB_00030	V_L0TMS__LD_LEG_DETL_T_OS	INPT_CNCY_TYP	178	YES	NUMERIC
OB_00030.V_L0TMS__LD_LEG_DETL_T_OS	OB_00030	V_L0TMS__LD_LEG_DETL_T_OS	PICK_STOP_SEQ_NUM	179	YES	NUMERIC
OB_00030.V_L0TMS__LD_LEG_DETL_T_OS	OB_00030	V_L0TMS__LD_LEG_DETL_T_OS	DLVY_STOP_SEQ_NUM	180	YES	NUMERIC
OB_00030.V_L0TMS__LD_LEG_DETL_T_OS	OB_00030	V_L0TMS__LD_LEG_DETL_T_OS	SHFT_SEQ	181	YES	NUMERIC
OB_00030.V_L0TMS__LD_LEG_DETL_T_OS	OB_00030	V_L0TMS__LD_LEG_DETL_T_OS	RFRC_NUM_VBTY_ID	182	YES	INT64
OB_00030.V_L0TMS__LD_LEG_DETL_T_OS	OB_00030	V_L0TMS__LD_LEG_DETL_T_OS	TFF_TOT_DIST	183	YES	NUMERIC
OB_00030.V_L0TMS__LD_LEG_DETL_T_OS	OB_00030	V_L0TMS__LD_LEG_DETL_T_OS	EXTL_EGIN_VER_CD	184	YES	STRING
OB_00030.V_L0TMS__LD_LEG_DETL_T_OS	OB_00030	V_L0TMS__LD_LEG_DETL_T_OS	LAST_RATD_TFF_ID	185	YES	INT64
OB_00030.V_L0TMS__LD_LEG_DETL_T_OS	OB_00030	V_L0TMS__LD_LEG_DETL_T_OS	WKND_HLDY_HRS	186	YES	NUMERIC
OB_00030.V_L0TMS__LD_LEG_DETL_T_OS	OB_00030	V_L0TMS__LD_LEG_DETL_T_OS	EQMT_TYP_CD_TRCTR	187	YES	STRING
OB_00030.V_L0TMS__LD_LEG_DETL_T_OS	OB_00030	V_L0TMS__LD_LEG_DETL_T_OS	EQMT_TYP_TRCTR_CMTD_YN	188	YES	STRING
OB_00030.V_L0TMS__TB_GTM_CONTAINER_TMS_S_IF_OS	OB_00030	V_L0TMS__TB_GTM_CONTAINER_TMS_S_IF_OS	ETL_LOAD_TS	1	YES	TIMESTAMP
OB_00030.V_L0TMS__TB_GTM_CONTAINER_TMS_S_IF_OS	OB_00030	V_L0TMS__TB_GTM_CONTAINER_TMS_S_IF_OS	SHIPMENTNUMBER	2	YES	STRING
OB_00030.V_L0TMS__TB_GTM_CONTAINER_TMS_S_IF_OS	OB_00030	V_L0TMS__TB_GTM_CONTAINER_TMS_S_IF_OS	CONTAINERTYPECODE	3	YES	STRING
OB_00030.V_L0TMS__TB_GTM_CONTAINER_TMS_S_IF_OS	OB_00030	V_L0TMS__TB_GTM_CONTAINER_TMS_S_IF_OS	QUANTITY	4	YES	INT64
OB_00030.V_L0TMS__TB_GTM_CONTAINER_TMS_S_IF_OS	OB_00030	V_L0TMS__TB_GTM_CONTAINER_TMS_S_IF_OS	LENGTH	5	YES	NUMERIC
OB_00030.V_L0TMS__TB_GTM_CONTAINER_TMS_S_IF_OS	OB_00030	V_L0TMS__TB_GTM_CONTAINER_TMS_S_IF_OS	WIDTH	6	YES	NUMERIC
OB_00030.V_L0TMS__TB_GTM_CONTAINER_TMS_S_IF_OS	OB_00030	V_L0TMS__TB_GTM_CONTAINER_TMS_S_IF_OS	HEIGHT	7	YES	NUMERIC
OB_00030.V_L0TMS__TB_GTM_CONTAINER_TMS_S_IF_OS	OB_00030	V_L0TMS__TB_GTM_CONTAINER_TMS_S_IF_OS	VOLUME	8	YES	NUMERIC
OB_00030.V_L0TMS__TB_GTM_CONTAINER_TMS_S_IF_OS	OB_00030	V_L0TMS__TB_GTM_CONTAINER_TMS_S_IF_OS	ORDERVALUE	9	YES	NUMERIC
OB_00030.V_L0TMS__TB_GTM_CONTAINER_TMS_S_IF_OS	OB_00030	V_L0TMS__TB_GTM_CONTAINER_TMS_S_IF_OS	FREIGHTCLASSNOMINALWEIGHT	10	YES	NUMERIC
OB_00030.V_L0TMS__TB_GTM_CONTAINER_TMS_S_IF_OS	OB_00030	V_L0TMS__TB_GTM_CONTAINER_TMS_S_IF_OS	FREIGHTCLASSCODE	11	YES	STRING
OB_00030.V_L0TMS__TB_GTM_CONTAINER_TMS_S_IF_OS	OB_00030	V_L0TMS__TB_GTM_CONTAINER_TMS_S_IF_OS	ITEM	12	YES	NUMERIC
OB_00030.V_L0TMS__TB_GTM_CONTAINER_TMS_S_IF_OS	OB_00030	V_L0TMS__TB_GTM_CONTAINER_TMS_S_IF_OS	REFERENCENUMBERTYPECODE	13	YES	STRING
OB_00030.V_L0TMS__TB_GTM_CONTAINER_TMS_S_IF_OS	OB_00030	V_L0TMS__TB_GTM_CONTAINER_TMS_S_IF_OS	REFERENCENUMBER	14	YES	STRING
OB_00030.V_L0TMS__TB_GTM_CONTAINER_TMS_S_IF_OS	OB_00030	V_L0TMS__TB_GTM_CONTAINER_TMS_S_IF_OS	CRUD_FLAG	15	YES	STRING
OB_00030.V_L0TMS__TB_GTM_CONTAINER_TMS_S_IF_OS	OB_00030	V_L0TMS__TB_GTM_CONTAINER_TMS_S_IF_OS	INTERFACE_DATE	16	YES	DATETIME
OB_00030.V_L0TMS__TB_GTM_CONTAINER_TMS_S_IF_OS	OB_00030	V_L0TMS__TB_GTM_CONTAINER_TMS_S_IF_OS	INTERFACE_FLAG	17	YES	STRING
OB_00030.V_L0TMS__TB_GTM_CONTAINER_TMS_S_IF_OS	OB_00030	V_L0TMS__TB_GTM_CONTAINER_TMS_S_IF_OS	STACKCODE	18	YES	INT64
OB_00030.V_L0TMS__TB_GTM_CONTAINER_TMS_S_IF_OS	OB_00030	V_L0TMS__TB_GTM_CONTAINER_TMS_S_IF_OS	CONSEQ	19	YES	NUMERIC
OB_00030.V_L0TMS__TB_GTM_CONTAINER_TMS_S_IF_OS	OB_00030	V_L0TMS__TB_GTM_CONTAINER_TMS_S_IF_OS	OPERATING_UNIT_ID	20	YES	NUMERIC
OB_00030.V_L0TMS__TB_GTM_CONTAINER_TMS_S_IF_OS	OB_00030	V_L0TMS__TB_GTM_CONTAINER_TMS_S_IF_OS	SOURCE_HEADER_ID	21	YES	NUMERIC
OB_00030.V_L0TMS__TB_GTM_CONTAINER_TMS_S_IF_OS	OB_00030	V_L0TMS__TB_GTM_CONTAINER_TMS_S_IF_OS	SOURCE_HEADER_NO	22	YES	STRING
OB_00030.V_L0TMS__TB_GTM_CONTAINER_TMS_S_IF_OS	OB_00030	V_L0TMS__TB_GTM_CONTAINER_TMS_S_IF_OS	SOURCE_CODE	23	YES	STRING
OB_00030.V_L0TMS__TB_GTM_CONTAINER_TMS_S_IF_OS	OB_00030	V_L0TMS__TB_GTM_CONTAINER_TMS_S_IF_OS	MOVE_ORDER_LINE_ID	24	YES	NUMERIC
OB_00030.V_L0TMS__TB_GTM_CONTAINER_TMS_S_IF_OS	OB_00030	V_L0TMS__TB_GTM_CONTAINER_TMS_S_IF_OS	TRANSFER_ITEM_CODE	25	YES	STRING
OB_00030.V_L0TMS__TB_GTM_CONTAINER_TMS_S_IF_OS	OB_00030	V_L0TMS__TB_GTM_CONTAINER_TMS_S_IF_OS	INSTRUCTIONS_ONLY_FLAG	26	YES	STRING
OB_00030.V_L0TMS__TB_GTM_CONTAINER_TMS_S_IF_OS	OB_00030	V_L0TMS__TB_GTM_CONTAINER_TMS_S_IF_OS	AFFILIATE_CODE	27	YES	STRING
OB_00030.V_L0TMS__TB_GTM_CONTAINER_TMS_S_IF_OS	OB_00030	V_L0TMS__TB_GTM_CONTAINER_TMS_S_IF_OS	IO_TYPE_CODE	28	YES	STRING
OB_00030.V_L0TMS__TB_GTM_CONTAINER_TMS_S_IF_OS	OB_00030	V_L0TMS__TB_GTM_CONTAINER_TMS_S_IF_OS	SOURCE_LINE_ID	29	YES	NUMERIC
OB_00030.V_L0TMS__TB_GTM_CONTAINER_TMS_S_IF_OS	OB_00030	V_L0TMS__TB_GTM_CONTAINER_TMS_S_IF_OS	SOURCE_LINE_NO	30	YES	NUMERIC
OB_00030.V_L0TMS__TB_GTM_CONTAINER_TMS_S_IF_OS	OB_00030	V_L0TMS__TB_GTM_CONTAINER_TMS_S_IF_OS	EDI_CUST_DEPT_CODE	31	YES	STRING
OB_00030.V_L0TMS__TB_GTM_CONTAINER_TMS_S_IF_OS	OB_00030	V_L0TMS__TB_GTM_CONTAINER_TMS_S_IF_OS	EDI_CUST_DIV_CODE	32	YES	STRING
OB_00030.V_L0TMS__TB_GTM_CONTAINER_TMS_S_IF_OS	OB_00030	V_L0TMS__TB_GTM_CONTAINER_TMS_S_IF_OS	EDI_REMARK_DESC	33	YES	STRING
OB_00030.V_L0TMS__TB_GTM_CONTAINER_TMS_S_IF_OS	OB_00030	V_L0TMS__TB_GTM_CONTAINER_TMS_S_IF_OS	SPLIT_SEQ	34	YES	NUMERIC
OB_00030.V_L0TMS__TB_GTM_CONTAINER_TMS_S_IF_OS	OB_00030	V_L0TMS__TB_GTM_CONTAINER_TMS_S_IF_OS	CONTAINERDESC	35	YES	STRING
OB_00030.V_L0TMS__TB_GTM_CONTAINER_TMS_S_IF_OS	OB_00030	V_L0TMS__TB_GTM_CONTAINER_TMS_S_IF_OS	RES_QUANTITY	36	YES	INT64
OB_00030.V_L0TMS__TB_GTM_CONTAINER_TMS_S_IF_OS	OB_00030	V_L0TMS__TB_GTM_CONTAINER_TMS_S_IF_OS	MODEL_GRADE	37	YES	STRING
OB_00030.V_L0TMS__TB_GTM_CONTAINER_TMS_S_IF_OS	OB_00030	V_L0TMS__TB_GTM_CONTAINER_TMS_S_IF_OS	PICK_SEQ_NO	38	YES	NUMERIC
OB_00030.V_L0TMS__TB_GTM_CONTAINER_TMS_S_IF_OS	OB_00030	V_L0TMS__TB_GTM_CONTAINER_TMS_S_IF_OS	ORI_QUANTITY	39	YES	NUMERIC
OB_00030.V_L0TMS__TB_GTM_CONTAINER_TMS_S_IF_OS	OB_00030	V_L0TMS__TB_GTM_CONTAINER_TMS_S_IF_OS	PTO_MODEL_FLAG	40	YES	STRING
OB_00030.V_L0TMS__TB_GTM_CONTAINER_TMS_S_IF_OS	OB_00030	V_L0TMS__TB_GTM_CONTAINER_TMS_S_IF_OS	PTO_ID	41	YES	NUMERIC
OB_00030.V_L0TMS__TB_GTM_CONTAINER_TMS_S_IF_OS	OB_00030	V_L0TMS__TB_GTM_CONTAINER_TMS_S_IF_OS	ORI_MOVE_ORDER_LINE_ID	42	YES	NUMERIC
OB_00030.V_L0TMS__TB_GTM_CONTAINER_TMS_S_IF_OS	OB_00030	V_L0TMS__TB_GTM_CONTAINER_TMS_S_IF_OS	ORDER_DATE	43	YES	DATETIME
OB_00030.V_L0TMS__TB_GTM_CONTAINER_TMS_S_IF_OS	OB_00030	V_L0TMS__TB_GTM_CONTAINER_TMS_S_IF_OS	TRANSACTION_DATE	44	YES	DATETIME
OB_00030.V_L0TMS__TB_GTM_CONTAINER_TMS_S_IF_OS	OB_00030	V_L0TMS__TB_GTM_CONTAINER_TMS_S_IF_OS	SALESPERSON_NAME	45	YES	STRING
OB_00030.V_L0TMS__TB_GTM_CONTAINER_TMS_S_IF_OS	OB_00030	V_L0TMS__TB_GTM_CONTAINER_TMS_S_IF_OS	PRODUCT_GROUP	46	YES	STRING
OB_00030.V_L0TMS__TB_GTM_CONTAINER_TMS_S_IF_OS	OB_00030	V_L0TMS__TB_GTM_CONTAINER_TMS_S_IF_OS	UNIT_PALLET_QTY	47	YES	NUMERIC
OB_00030.V_L0TMS__TB_GTM_CONTAINER_TMS_S_IF_OS	OB_00030	V_L0TMS__TB_GTM_CONTAINER_TMS_S_IF_OS	ICMS_AMT	48	YES	NUMERIC
OB_00030.V_L0TMS__TB_GTM_CONTAINER_TMS_S_IF_OS	OB_00030	V_L0TMS__TB_GTM_CONTAINER_TMS_S_IF_OS	ICMS_ST_AMT	49	YES	NUMERIC
OB_00030.V_L0TMS__TB_GTM_CONTAINER_TMS_S_IF_OS	OB_00030	V_L0TMS__TB_GTM_CONTAINER_TMS_S_IF_OS	PIS_AMT	50	YES	NUMERIC
OB_00030.V_L0TMS__TB_GTM_CONTAINER_TMS_S_IF_OS	OB_00030	V_L0TMS__TB_GTM_CONTAINER_TMS_S_IF_OS	COFINS_AMT	51	YES	NUMERIC
OB_00030.V_L0TMS__TB_GTM_CONTAINER_TMS_S_IF_OS	OB_00030	V_L0TMS__TB_GTM_CONTAINER_TMS_S_IF_OS	IPI_AMT	52	YES	NUMERIC
OB_00030.V_L0TMS__TB_GTM_CONTAINER_TMS_S_IF_OS	OB_00030	V_L0TMS__TB_GTM_CONTAINER_TMS_S_IF_OS	UNIT_PALLET_QTY2	53	YES	NUMERIC
OB_00030.V_L0TMS__TB_GTM_CONTAINER_TMS_S_IF_OS	OB_00030	V_L0TMS__TB_GTM_CONTAINER_TMS_S_IF_OS	NET_PRICE	54	YES	NUMERIC
OB_00030.V_L0TMS__TB_GTM_CONTAINER_TMS_S_IF_OS	OB_00030	V_L0TMS__TB_GTM_CONTAINER_TMS_S_IF_OS	LIST_PRICE	55	YES	NUMERIC
OB_00030.V_L0TMS__TB_GTM_CONTAINER_TMS_S_IF_OS	OB_00030	V_L0TMS__TB_GTM_CONTAINER_TMS_S_IF_OS	SELLING_PRICE	56	YES	NUMERIC
OB_00030.V_L0TMS__TB_GTM_CONTAINER_TMS_S_IF_OS	OB_00030	V_L0TMS__TB_GTM_CONTAINER_TMS_S_IF_OS	SHIP_TO_BIZ_REGISTER_NO	57	YES	STRING
OB_00030.V_L0TMS__TB_GTM_CONTAINER_TMS_S_IF_OS	OB_00030	V_L0TMS__TB_GTM_CONTAINER_TMS_S_IF_OS	SHIP_TO_TAX_OFFICE_ID	58	YES	STRING
OB_00030.V_L0TMS__TB_GTM_CONTAINER_TMS_S_IF_OS	OB_00030	V_L0TMS__TB_GTM_CONTAINER_TMS_S_IF_OS	DECLAREDVALUE	59	YES	NUMERIC
OB_00030.V_L0TMS__TB_GTM_CONTAINER_TMS_S_IF_OS	OB_00030	V_L0TMS__TB_GTM_CONTAINER_TMS_S_IF_OS	CRT_DT	60	YES	DATETIME
OB_00030.V_L0TMS__TB_GTM_CONTAINER_TMS_S_IF_OS	OB_00030	V_L0TMS__TB_GTM_CONTAINER_TMS_S_IF_OS	PACKAGE_MODEL_CODE	61	YES	STRING
OB_00030.V_L0TMS__TB_GTM_SHIPMENT_TMS_S_IF_OS	OB_00030	V_L0TMS__TB_GTM_SHIPMENT_TMS_S_IF_OS	P_PTT	1	YES	DATE
OB_00030.V_L0TMS__TB_GTM_SHIPMENT_TMS_S_IF_OS	OB_00030	V_L0TMS__TB_GTM_SHIPMENT_TMS_S_IF_OS	ETL_LOAD_TS	2	YES	TIMESTAMP
OB_00030.V_L0TMS__TB_GTM_SHIPMENT_TMS_S_IF_OS	OB_00030	V_L0TMS__TB_GTM_SHIPMENT_TMS_S_IF_OS	SHIPMENTNUMBER	3	YES	STRING
OB_00030.V_L0TMS__TB_GTM_SHIPMENT_TMS_S_IF_OS	OB_00030	V_L0TMS__TB_GTM_SHIPMENT_TMS_S_IF_OS	CUSTOMERCODE	4	YES	STRING
OB_00030.V_L0TMS__TB_GTM_SHIPMENT_TMS_S_IF_OS	OB_00030	V_L0TMS__TB_GTM_SHIPMENT_TMS_S_IF_OS	LOGISTICSGROUPCODE	5	YES	STRING
OB_00030.V_L0TMS__TB_GTM_SHIPMENT_TMS_S_IF_OS	OB_00030	V_L0TMS__TB_GTM_SHIPMENT_TMS_S_IF_OS	SHIPMENTINPUTSOURCEENUMVAL	6	YES	STRING
OB_00030.V_L0TMS__TB_GTM_SHIPMENT_TMS_S_IF_OS	OB_00030	V_L0TMS__TB_GTM_SHIPMENT_TMS_S_IF_OS	SYSTEMPLANID	7	YES	NUMERIC
OB_00030.V_L0TMS__TB_GTM_SHIPMENT_TMS_S_IF_OS	OB_00030	V_L0TMS__TB_GTM_SHIPMENT_TMS_S_IF_OS	SHIPMENTDESCRIPTION	8	YES	STRING
OB_00030.V_L0TMS__TB_GTM_SHIPMENT_TMS_S_IF_OS	OB_00030	V_L0TMS__TB_GTM_SHIPMENT_TMS_S_IF_OS	FREIGHTTERMSENUMVAL	9	YES	STRING
OB_00030.V_L0TMS__TB_GTM_SHIPMENT_TMS_S_IF_OS	OB_00030	V_L0TMS__TB_GTM_SHIPMENT_TMS_S_IF_OS	BILLTOCUSTOMERCODE	10	YES	STRING
OB_00030.V_L0TMS__TB_GTM_SHIPMENT_TMS_S_IF_OS	OB_00030	V_L0TMS__TB_GTM_SHIPMENT_TMS_S_IF_OS	URGENTFLAG	11	YES	STRING
OB_00030.V_L0TMS__TB_GTM_SHIPMENT_TMS_S_IF_OS	OB_00030	V_L0TMS__TB_GTM_SHIPMENT_TMS_S_IF_OS	PRINTABLEMEMO	12	YES	STRING
OB_00030.V_L0TMS__TB_GTM_SHIPMENT_TMS_S_IF_OS	OB_00030	V_L0TMS__TB_GTM_SHIPMENT_TMS_S_IF_OS	NONPRINTABLEMEMO	13	YES	STRING
OB_00030.V_L0TMS__TB_GTM_SHIPMENT_TMS_S_IF_OS	OB_00030	V_L0TMS__TB_GTM_SHIPMENT_TMS_S_IF_OS	SHIPFROMLOCATIONTYPEENUMVAL	14	YES	STRING
OB_00030.V_L0TMS__TB_GTM_SHIPMENT_TMS_S_IF_OS	OB_00030	V_L0TMS__TB_GTM_SHIPMENT_TMS_S_IF_OS	SHIPFROMLOCATIONCODE	15	YES	STRING
OB_00030.V_L0TMS__TB_GTM_SHIPMENT_TMS_S_IF_OS	OB_00030	V_L0TMS__TB_GTM_SHIPMENT_TMS_S_IF_OS	SHIPTOLOCATIONTYPEENUMVAL	16	YES	STRING
OB_00030.V_L0TMS__TB_GTM_SHIPMENT_TMS_S_IF_OS	OB_00030	V_L0TMS__TB_GTM_SHIPMENT_TMS_S_IF_OS	SHIPTOLOCATIONCODE	17	YES	STRING
OB_00030.V_L0TMS__TB_GTM_SHIPMENT_TMS_S_IF_OS	OB_00030	V_L0TMS__TB_GTM_SHIPMENT_TMS_S_IF_OS	PICKUPFROMDATETIME	18	YES	DATETIME
OB_00030.V_L0TMS__TB_GTM_SHIPMENT_TMS_S_IF_OS	OB_00030	V_L0TMS__TB_GTM_SHIPMENT_TMS_S_IF_OS	PICKUPTODATETIME	19	YES	DATETIME
OB_00030.V_L0TMS__TB_GTM_SHIPMENT_TMS_S_IF_OS	OB_00030	V_L0TMS__TB_GTM_SHIPMENT_TMS_S_IF_OS	DELIVERYFROMDATETIME	20	YES	DATETIME
OB_00030.V_L0TMS__TB_GTM_SHIPMENT_TMS_S_IF_OS	OB_00030	V_L0TMS__TB_GTM_SHIPMENT_TMS_S_IF_OS	DELIVERYTODATETIME	21	YES	DATETIME
OB_00030.V_L0TMS__TB_GTM_SHIPMENT_TMS_S_IF_OS	OB_00030	V_L0TMS__TB_GTM_SHIPMENT_TMS_S_IF_OS	COMPONENTTYPEGROUPCODE	22	YES	STRING
OB_00030.V_L0TMS__TB_GTM_SHIPMENT_TMS_S_IF_OS	OB_00030	V_L0TMS__TB_GTM_SHIPMENT_TMS_S_IF_OS	CREATEBYUSERCODE	23	YES	STRING
OB_00030.V_L0TMS__TB_GTM_SHIPMENT_TMS_S_IF_OS	OB_00030	V_L0TMS__TB_GTM_SHIPMENT_TMS_S_IF_OS	UPDATEBYUSERCODE	24	YES	STRING
OB_00030.V_L0TMS__TB_GTM_SHIPMENT_TMS_S_IF_OS	OB_00030	V_L0TMS__TB_GTM_SHIPMENT_TMS_S_IF_OS	VOLUME	25	YES	NUMERIC
OB_00030.V_L0TMS__TB_GTM_SHIPMENT_TMS_S_IF_OS	OB_00030	V_L0TMS__TB_GTM_SHIPMENT_TMS_S_IF_OS	ORDERVALUE	26	YES	NUMERIC
OB_00030.V_L0TMS__TB_GTM_SHIPMENT_TMS_S_IF_OS	OB_00030	V_L0TMS__TB_GTM_SHIPMENT_TMS_S_IF_OS	PIECES	27	YES	NUMERIC
OB_00030.V_L0TMS__TB_GTM_SHIPMENT_TMS_S_IF_OS	OB_00030	V_L0TMS__TB_GTM_SHIPMENT_TMS_S_IF_OS	GL	28	YES	STRING
OB_00030.V_L0TMS__TB_GTM_SHIPMENT_TMS_S_IF_OS	OB_00030	V_L0TMS__TB_GTM_SHIPMENT_TMS_S_IF_OS	PO	29	YES	STRING
OB_00030.V_L0TMS__TB_GTM_SHIPMENT_TMS_S_IF_OS	OB_00030	V_L0TMS__TB_GTM_SHIPMENT_TMS_S_IF_OS	STREET	30	YES	STRING
OB_00030.V_L0TMS__TB_GTM_SHIPMENT_TMS_S_IF_OS	OB_00030	V_L0TMS__TB_GTM_SHIPMENT_TMS_S_IF_OS	COUNTRYCODE	31	YES	STRING
OB_00030.V_L0TMS__TB_GTM_SHIPMENT_TMS_S_IF_OS	OB_00030	V_L0TMS__TB_GTM_SHIPMENT_TMS_S_IF_OS	POSTALCODE	32	YES	STRING
OB_00030.V_L0TMS__TB_GTM_SHIPMENT_TMS_S_IF_OS	OB_00030	V_L0TMS__TB_GTM_SHIPMENT_TMS_S_IF_OS	CRUD_FLAG	33	YES	STRING
OB_00030.V_L0TMS__TB_GTM_SHIPMENT_TMS_S_IF_OS	OB_00030	V_L0TMS__TB_GTM_SHIPMENT_TMS_S_IF_OS	INTERFACE_DATE	34	YES	DATETIME
OB_00030.V_L0TMS__TB_GTM_SHIPMENT_TMS_S_IF_OS	OB_00030	V_L0TMS__TB_GTM_SHIPMENT_TMS_S_IF_OS	CIS_DATE	35	YES	DATETIME
OB_00030.V_L0TMS__TB_GTM_SHIPMENT_TMS_S_IF_OS	OB_00030	V_L0TMS__TB_GTM_SHIPMENT_TMS_S_IF_OS	INTERFACE_FLAG	36	YES	STRING
OB_00030.V_L0TMS__TB_GTM_SHIPMENT_TMS_S_IF_OS	OB_00030	V_L0TMS__TB_GTM_SHIPMENT_TMS_S_IF_OS	VALIDCHECK	37	YES	STRING
OB_00030.V_L0TMS__TB_GTM_SHIPMENT_TMS_S_IF_OS	OB_00030	V_L0TMS__TB_GTM_SHIPMENT_TMS_S_IF_OS	ERRORMSG	38	YES	STRING
OB_00030.V_L0TMS__TB_GTM_SHIPMENT_TMS_S_IF_OS	OB_00030	V_L0TMS__TB_GTM_SHIPMENT_TMS_S_IF_OS	CARRIERCODE	39	YES	STRING
OB_00030.V_L0TMS__TB_GTM_SHIPMENT_TMS_S_IF_OS	OB_00030	V_L0TMS__TB_GTM_SHIPMENT_TMS_S_IF_OS	SERVICECODE	40	YES	STRING
OB_00030.V_L0TMS__TB_GTM_SHIPMENT_TMS_S_IF_OS	OB_00030	V_L0TMS__TB_GTM_SHIPMENT_TMS_S_IF_OS	SHIPTODESCRIPTION	41	YES	STRING
OB_00030.V_L0TMS__TB_GTM_SHIPMENT_TMS_S_IF_OS	OB_00030	V_L0TMS__TB_GTM_SHIPMENT_TMS_S_IF_OS	SHIPFROMDESCRIPTION	42	YES	STRING
OB_00030.V_L0TMS__TB_GTM_SHIPMENT_TMS_S_IF_OS	OB_00030	V_L0TMS__TB_GTM_SHIPMENT_TMS_S_IF_OS	FROMPOSTALCODE	43	YES	STRING
OB_00030.V_L0TMS__TB_GTM_SHIPMENT_TMS_S_IF_OS	OB_00030	V_L0TMS__TB_GTM_SHIPMENT_TMS_S_IF_OS	CONSIGNEE_TEL1	44	YES	STRING
OB_00030.V_L0TMS__TB_GTM_SHIPMENT_TMS_S_IF_OS	OB_00030	V_L0TMS__TB_GTM_SHIPMENT_TMS_S_IF_OS	MS	45	YES	STRING
OB_00030.V_L0TMS__TB_GTM_SHIPMENT_TMS_S_IF_OS	OB_00030	V_L0TMS__TB_GTM_SHIPMENT_TMS_S_IF_OS	GERA	46	YES	STRING
OB_00030.V_L0TMS__TB_GTM_SHIPMENT_TMS_S_IF_OS	OB_00030	V_L0TMS__TB_GTM_SHIPMENT_TMS_S_IF_OS	FROMSTREET	47	YES	STRING
OB_00030.V_L0TMS__TB_GTM_SHIPMENT_TMS_S_IF_OS	OB_00030	V_L0TMS__TB_GTM_SHIPMENT_TMS_S_IF_OS	OPERATING_UNIT_ID	48	YES	NUMERIC
OB_00030.V_L0TMS__TB_GTM_SHIPMENT_TMS_S_IF_OS	OB_00030	V_L0TMS__TB_GTM_SHIPMENT_TMS_S_IF_OS	SOURCE_HEADER_ID	49	YES	NUMERIC
OB_00030.V_L0TMS__TB_GTM_SHIPMENT_TMS_S_IF_OS	OB_00030	V_L0TMS__TB_GTM_SHIPMENT_TMS_S_IF_OS	SOURCE_HEADER_NO	50	YES	STRING
OB_00030.V_L0TMS__TB_GTM_SHIPMENT_TMS_S_IF_OS	OB_00030	V_L0TMS__TB_GTM_SHIPMENT_TMS_S_IF_OS	SOURCE_CODE	51	YES	STRING
OB_00030.V_L0TMS__TB_GTM_SHIPMENT_TMS_S_IF_OS	OB_00030	V_L0TMS__TB_GTM_SHIPMENT_TMS_S_IF_OS	MOVE_ORDER_LINE_ID	52	YES	NUMERIC
OB_00030.V_L0TMS__TB_GTM_SHIPMENT_TMS_S_IF_OS	OB_00030	V_L0TMS__TB_GTM_SHIPMENT_TMS_S_IF_OS	TRANSFER_ITEM_CODE	53	YES	STRING
OB_00030.V_L0TMS__TB_GTM_SHIPMENT_TMS_S_IF_OS	OB_00030	V_L0TMS__TB_GTM_SHIPMENT_TMS_S_IF_OS	INSTRUCTIONS_ONLY_FLAG	54	YES	STRING
OB_00030.V_L0TMS__TB_GTM_SHIPMENT_TMS_S_IF_OS	OB_00030	V_L0TMS__TB_GTM_SHIPMENT_TMS_S_IF_OS	AFFILIATE_CODE	55	YES	STRING
OB_00030.V_L0TMS__TB_GTM_SHIPMENT_TMS_S_IF_OS	OB_00030	V_L0TMS__TB_GTM_SHIPMENT_TMS_S_IF_OS	IO_TYPE_CODE	56	YES	STRING
OB_00030.V_L0TMS__TB_GTM_SHIPMENT_TMS_S_IF_OS	OB_00030	V_L0TMS__TB_GTM_SHIPMENT_TMS_S_IF_OS	GERP_IF_ID	57	YES	NUMERIC
OB_00030.V_L0TMS__TB_GTM_SHIPMENT_TMS_S_IF_OS	OB_00030	V_L0TMS__TB_GTM_SHIPMENT_TMS_S_IF_OS	SPLIT_SEQ	58	YES	NUMERIC
OB_00030.V_L0TMS__TB_GTM_SHIPMENT_TMS_S_IF_OS	OB_00030	V_L0TMS__TB_GTM_SHIPMENT_TMS_S_IF_OS	ORI_DELY_FROM	59	YES	DATETIME
OB_00030.V_L0TMS__TB_GTM_SHIPMENT_TMS_S_IF_OS	OB_00030	V_L0TMS__TB_GTM_SHIPMENT_TMS_S_IF_OS	ORI_DELY_TO	60	YES	DATETIME
OB_00030.V_L0TMS__TB_GTM_SHIPMENT_TMS_S_IF_OS	OB_00030	V_L0TMS__TB_GTM_SHIPMENT_TMS_S_IF_OS	SALES_LD_TIME	61	YES	STRING
OB_00030.V_L0TMS__TB_GTM_SHIPMENT_TMS_S_IF_OS	OB_00030	V_L0TMS__TB_GTM_SHIPMENT_TMS_S_IF_OS	CONTACT_POINT	62	YES	STRING
OB_00030.V_L0TMS__TB_GTM_SHIPMENT_TMS_S_IF_OS	OB_00030	V_L0TMS__TB_GTM_SHIPMENT_TMS_S_IF_OS	TXN_TYPE	63	YES	STRING
OB_00030.V_L0TMS__TB_GTM_SHIPMENT_TMS_S_IF_OS	OB_00030	V_L0TMS__TB_GTM_SHIPMENT_TMS_S_IF_OS	LINE_NO	64	YES	STRING
OB_00030.V_L0TMS__TB_GTM_SHIPMENT_TMS_S_IF_OS	OB_00030	V_L0TMS__TB_GTM_SHIPMENT_TMS_S_IF_OS	LGE_DELIVERY_FLAG	65	YES	STRING
OB_00030.V_L0TMS__TB_GTM_SHIPMENT_TMS_S_IF_OS	OB_00030	V_L0TMS__TB_GTM_SHIPMENT_TMS_S_IF_OS	OBD_SCHEDULE_YN	66	YES	STRING
OB_00030.V_L0TMS__TB_GTM_SHIPMENT_TMS_S_IF_OS	OB_00030	V_L0TMS__TB_GTM_SHIPMENT_TMS_S_IF_OS	SYSTEMLOADID	67	YES	NUMERIC
OB_00030.V_L0TMS__TB_GTM_SHIPMENT_TMS_S_IF_OS	OB_00030	V_L0TMS__TB_GTM_SHIPMENT_TMS_S_IF_OS	NOTA_FISCAL_NO	68	YES	STRING
OB_00030.V_L0TMS__TB_GTM_SHIPMENT_TMS_S_IF_OS	OB_00030	V_L0TMS__TB_GTM_SHIPMENT_TMS_S_IF_OS	NOTA_SERIE_NO	69	YES	STRING
OB_00030.V_L0TMS__TB_GTM_SHIPMENT_TMS_S_IF_OS	OB_00030	V_L0TMS__TB_GTM_SHIPMENT_TMS_S_IF_OS	LEGAL_ENTITY_NAME	70	YES	STRING
OB_00030.V_L0TMS__TB_GTM_SHIPMENT_TMS_S_IF_OS	OB_00030	V_L0TMS__TB_GTM_SHIPMENT_TMS_S_IF_OS	LAT	71	YES	STRING
OB_00030.V_L0TMS__TB_GTM_SHIPMENT_TMS_S_IF_OS	OB_00030	V_L0TMS__TB_GTM_SHIPMENT_TMS_S_IF_OS	LNG	72	YES	STRING
OB_00030.V_L0TMS__TB_GTM_SHIPMENT_TMS_S_IF_OS	OB_00030	V_L0TMS__TB_GTM_SHIPMENT_TMS_S_IF_OS	ORGANIZATION_CODE	73	YES	STRING
OB_00030.V_L0TMS__TB_GTM_SHIPMENT_TMS_S_IF_OS	OB_00030	V_L0TMS__TB_GTM_SHIPMENT_TMS_S_IF_OS	NF_BOOKING_FLAG	74	YES	STRING
OB_00030.V_L0TMS__TB_GTM_SHIPMENT_TMS_S_IF_OS	OB_00030	V_L0TMS__TB_GTM_SHIPMENT_TMS_S_IF_OS	ORI_SALES_NF_NO	75	YES	STRING
OB_00030.V_L0TMS__TB_GTM_SHIPMENT_TMS_S_IF_OS	OB_00030	V_L0TMS__TB_GTM_SHIPMENT_TMS_S_IF_OS	ORI_SALES_NF_SERIE_NO	76	YES	STRING
OB_00030.V_L0TMS__TB_GTM_SHIPMENT_TMS_S_IF_OS	OB_00030	V_L0TMS__TB_GTM_SHIPMENT_TMS_S_IF_OS	SALES_ORDER_FLAG	77	YES	STRING
OB_00030.V_L0TMS__TB_GTM_SHIPMENT_TMS_S_IF_OS	OB_00030	V_L0TMS__TB_GTM_SHIPMENT_TMS_S_IF_OS	NOTA_CANCEL_FLAG	78	YES	STRING
OB_00030.V_L0TMS__TB_GTM_SHIPMENT_TMS_S_IF_OS	OB_00030	V_L0TMS__TB_GTM_SHIPMENT_TMS_S_IF_OS	ORI_SHIPMENTNUMBER	79	YES	STRING
OB_00030.V_L0TMS__TB_GTM_SHIPMENT_TMS_S_IF_OS	OB_00030	V_L0TMS__TB_GTM_SHIPMENT_TMS_S_IF_OS	PROCESSED_DATE	80	YES	DATETIME
OB_00030.V_L0TMS__TB_GTM_SHIPMENT_TMS_S_IF_OS	OB_00030	V_L0TMS__TB_GTM_SHIPMENT_TMS_S_IF_OS	BOOKING_NEED_FLAG	81	YES	STRING
OB_00030.V_L0TMS__TB_GTM_SHIPMENT_TMS_S_IF_OS	OB_00030	V_L0TMS__TB_GTM_SHIPMENT_TMS_S_IF_OS	CUSTOMER_ORDER_NO	82	YES	STRING
OB_00030.V_L0TMS__TB_GTM_SHIPMENT_TMS_S_IF_OS	OB_00030	V_L0TMS__TB_GTM_SHIPMENT_TMS_S_IF_OS	ORGANIZATION_ID	83	YES	NUMERIC
OB_00030.V_L0TMS__TB_GTM_SHIPMENT_TMS_S_IF_OS	OB_00030	V_L0TMS__TB_GTM_SHIPMENT_TMS_S_IF_OS	ETA	84	YES	DATETIME
OB_00030.V_L0TMS__TB_GTM_SHIPMENT_TMS_S_IF_OS	OB_00030	V_L0TMS__TB_GTM_SHIPMENT_TMS_S_IF_OS	ELAPS_DAY	85	YES	NUMERIC
OB_00030.V_L0TMS__TB_GTM_SHIPMENT_TMS_S_IF_OS	OB_00030	V_L0TMS__TB_GTM_SHIPMENT_TMS_S_IF_OS	PICK_RELEASE_DATE	86	YES	DATETIME
OB_00030.V_L0TMS__TB_GTM_SHIPMENT_TMS_S_IF_OS	OB_00030	V_L0TMS__TB_GTM_SHIPMENT_TMS_S_IF_OS	SALES_ORDER_DATE	87	YES	DATETIME
OB_00030.V_L0TMS__TB_GTM_SHIPMENT_TMS_S_IF_OS	OB_00030	V_L0TMS__TB_GTM_SHIPMENT_TMS_S_IF_OS	CONTAINER_TRANSACTION_ID	88	YES	NUMERIC
OB_00030.V_L0TMS__TB_GTM_SHIPMENT_TMS_S_IF_OS	OB_00030	V_L0TMS__TB_GTM_SHIPMENT_TMS_S_IF_OS	CONTAINER_NO	89	YES	STRING
OB_00030.V_L0TMS__TB_GTM_SHIPMENT_TMS_S_IF_OS	OB_00030	V_L0TMS__TB_GTM_SHIPMENT_TMS_S_IF_OS	CONTAINER_MAPPING_DATE	90	YES	DATETIME
OB_00030.V_L0TMS__TB_GTM_SHIPMENT_TMS_S_IF_OS	OB_00030	V_L0TMS__TB_GTM_SHIPMENT_TMS_S_IF_OS	BOOKING_DATE	91	YES	DATETIME
OB_00030.V_L0TMS__TB_GTM_SHIPMENT_TMS_S_IF_OS	OB_00030	V_L0TMS__TB_GTM_SHIPMENT_TMS_S_IF_OS	FROM_BUSINESS_NO	92	YES	STRING
OB_00030.V_L0TMS__TB_GTM_SHIPMENT_TMS_S_IF_OS	OB_00030	V_L0TMS__TB_GTM_SHIPMENT_TMS_S_IF_OS	FROM_STATE_INSCRIPTION_NO	93	YES	STRING
OB_00030.V_L0TMS__TB_GTM_SHIPMENT_TMS_S_IF_OS	OB_00030	V_L0TMS__TB_GTM_SHIPMENT_TMS_S_IF_OS	TO_BUSINESS_NO	94	YES	STRING
OB_00030.V_L0TMS__TB_GTM_SHIPMENT_TMS_S_IF_OS	OB_00030	V_L0TMS__TB_GTM_SHIPMENT_TMS_S_IF_OS	TO_STATE_INSCRIPTION_NO	95	YES	STRING
OB_00030.V_L0TMS__TB_GTM_SHIPMENT_TMS_S_IF_OS	OB_00030	V_L0TMS__TB_GTM_SHIPMENT_TMS_S_IF_OS	TMS_ORDER_TYPE	96	YES	STRING
OB_00030.V_L0TMS__TB_GTM_SHIPMENT_TMS_S_IF_OS	OB_00030	V_L0TMS__TB_GTM_SHIPMENT_TMS_S_IF_OS	BOOK_REMARK	97	YES	STRING
OB_00030.V_L0TMS__TB_GTM_SHIPMENT_TMS_S_IF_OS	OB_00030	V_L0TMS__TB_GTM_SHIPMENT_TMS_S_IF_OS	CRT_DT	98	YES	DATETIME
OB_00030.V_L0TMS__TB_GTM_SHIPMENT_TMS_S_IF_OS	OB_00030	V_L0TMS__TB_GTM_SHIPMENT_TMS_S_IF_OS	NOTA_AMOUNT	99	YES	NUMERIC
OB_00030.V_L0TMS__TB_GTM_SHIPMENT_TMS_S_IF_OS	OB_00030	V_L0TMS__TB_GTM_SHIPMENT_TMS_S_IF_OS	NOTA_TXN_DATE	100	YES	DATETIME
OB_00030.V_L0TMS__TB_GTM_SHIPMENT_TMS_S_IF_OS	OB_00030	V_L0TMS__TB_GTM_SHIPMENT_TMS_S_IF_OS	FROM_POSTAL_CODE	101	YES	STRING
OB_00030.V_L0TMS__TB_GTM_SHIPMENT_TMS_S_IF_OS	OB_00030	V_L0TMS__TB_GTM_SHIPMENT_TMS_S_IF_OS	CARR_CD	102	YES	STRING
OB_00030.V_L0TMS__TB_GTM_SHIPMENT_TMS_S_IF_OS	OB_00030	V_L0TMS__TB_GTM_SHIPMENT_TMS_S_IF_OS	SRVC_CD	103	YES	STRING
OB_00030.V_L0TMS__TB_GTM_SHIPMENT_TMS_S_IF_OS	OB_00030	V_L0TMS__TB_GTM_SHIPMENT_TMS_S_IF_OS	EQMT_TYPE	104	YES	STRING
OB_00030.V_L0TMS__TB_GTM_SHIPMENT_TMS_S_IF_OS	OB_00030	V_L0TMS__TB_GTM_SHIPMENT_TMS_S_IF_OS	IO_NUMBER	105	YES	STRING
OB_00030.V_L0TMS__TB_GTM_SHIPMENT_TMS_S_IF_OS	OB_00030	V_L0TMS__TB_GTM_SHIPMENT_TMS_S_IF_OS	CO_NUMBER	106	YES	STRING
OB_00030.V_L0TMS__TB_GTM_SHIPMENT_TMS_S_IF_OS	OB_00030	V_L0TMS__TB_GTM_SHIPMENT_TMS_S_IF_OS	IO_SHIPMENTNUMBER	107	YES	STRING
OB_00030.V_L0TMS__TB_GTM_SHIPMENT_TMS_S_IF_OS	OB_00030	V_L0TMS__TB_GTM_SHIPMENT_TMS_S_IF_OS	DS_ORDER_TYPE	108	YES	STRING
OB_00030.V_L0TMS__TB_GTM_SHIPMENT_TMS_S_IF_OS	OB_00030	V_L0TMS__TB_GTM_SHIPMENT_TMS_S_IF_OS	EXPECT_ARRIVAL_DATE	109	YES	DATETIME
OB_00030.V_L0TMS__TB_GTM_SHIPMENT_TMS_S_IF_OS	OB_00030	V_L0TMS__TB_GTM_SHIPMENT_TMS_S_IF_OS	HQ_ACCOUNTING_UNIT_CODE	110	YES	STRING
OB_00030.V_L0TMS__TB_GTM_SHIPMENT_TMS_S_IF_OS	OB_00030	V_L0TMS__TB_GTM_SHIPMENT_TMS_S_IF_OS	TMS_DC_CD	111	YES	STRING
OB_00030.V_L0TMS__TB_GTM_SHIPMENT_TMS_S_IF_OS	OB_00030	V_L0TMS__TB_GTM_SHIPMENT_TMS_S_IF_OS	TAX_INCLUSIVE_PRICE	112	YES	NUMERIC
OB_00030.V_L0TMS__TB_GTM_SHIPMENT_TMS_S_IF_OS	OB_00030	V_L0TMS__TB_GTM_SHIPMENT_TMS_S_IF_OS	TAX_EXCLUSIVE_PRICE	113	YES	NUMERIC
OB_00030.V_L0TMS__TB_GTM_SHIPMENT_TMS_S_IF_OS	OB_00030	V_L0TMS__TB_GTM_SHIPMENT_TMS_S_IF_OS	DELIVERY_TYPE_CODE	114	YES	STRING
OB_00030.V_L0TMS__TB_GTM_SHIPMENT_TMS_S_IF_OS	OB_00030	V_L0TMS__TB_GTM_SHIPMENT_TMS_S_IF_OS	DELIVERY_TYPE_NAME	115	YES	STRING
OB_00030.V_L0TMS__TB_GTM_SHIPMENT_TMS_S_IF_OS	OB_00030	V_L0TMS__TB_GTM_SHIPMENT_TMS_S_IF_OS	ZONE_CODE	116	YES	STRING
OB_00030.V_L0TMS__TB_GTM_SHIPMENT_TMS_S_IF_OS	OB_00030	V_L0TMS__TB_GTM_SHIPMENT_TMS_S_IF_OS	GERP_SHIPTO_CODE	117	YES	STRING
OB_00030.V_L0TMS__TB_GTM_SHIPMENT_TMS_S_IF_OS	OB_00030	V_L0TMS__TB_GTM_SHIPMENT_TMS_S_IF_OS	RAD_FROM	118	YES	DATETIME
OB_00030.V_L0TMS__TB_GTM_SHIPMENT_TMS_S_IF_OS	OB_00030	V_L0TMS__TB_GTM_SHIPMENT_TMS_S_IF_OS	RAD_TO	119	YES	DATETIME
OB_00030.V_L0TMS__TB_GTM_SHIPMENT_TMS_S_IF_OS	OB_00030	V_L0TMS__TB_GTM_SHIPMENT_TMS_S_IF_OS	PAD_DF	120	YES	DATETIME
OB_00030.V_L0TMS__TB_GTM_SHIPMENT_TMS_S_IF_OS	OB_00030	V_L0TMS__TB_GTM_SHIPMENT_TMS_S_IF_OS	SUBINVENTORY_CODE	121	YES	STRING
OB_00030.V_L0TMS__TB_GTM_SHIPMENT_TMS_S_IF_OS	OB_00030	V_L0TMS__TB_GTM_SHIPMENT_TMS_S_IF_OS	ORIGIN_BOOKING_DATE	122	YES	DATETIME
OB_00030.V_L0TMS__TB_GTM_SHIPMENT_TMS_S_IF_OS	OB_00030	V_L0TMS__TB_GTM_SHIPMENT_TMS_S_IF_OS	SO3_ORDER_TYPE	123	YES	STRING
OB_00030.V_L0TMS__TB_GTM_SHIPMENT_TMS_S_IF_OS	OB_00030	V_L0TMS__TB_GTM_SHIPMENT_TMS_S_IF_OS	SUGGESTED_PLAN_DATE	124	YES	DATETIME
OB_00030.V_L0TMS__TB_GTM_SHIPMENT_TMS_S_IF_OS	OB_00030	V_L0TMS__TB_GTM_SHIPMENT_TMS_S_IF_OS	PARCEL_FLAG	125	YES	STRING
OB_00030.V_L0TMS__TB_GTM_SHIPMENT_TMS_S_IF_OS	OB_00030	V_L0TMS__TB_GTM_SHIPMENT_TMS_S_IF_OS	IF_GROUP_NO	126	YES	STRING
OB_00030.V_L0TMS__TB_GTM_SHIPMENT_TMS_S_IF_OS	OB_00030	V_L0TMS__TB_GTM_SHIPMENT_TMS_S_IF_OS	XDOCK_STATUS	127	YES	STRING
OB_00030.V_L0TMS__LD_LEG_T_OS	OB_00030	V_L0TMS__LD_LEG_T_OS	P_PTT	1	YES	DATE
OB_00030.V_L0TMS__LD_LEG_T_OS	OB_00030	V_L0TMS__LD_LEG_T_OS	ETL_LOAD_TS	2	YES	TIMESTAMP
OB_00030.V_L0TMS__LD_LEG_T_OS	OB_00030	V_L0TMS__LD_LEG_T_OS	LD_LEG_ID	3	YES	INT64
OB_00030.V_L0TMS__LD_LEG_T_OS	OB_00030	V_L0TMS__LD_LEG_T_OS	OPT_LCK	4	YES	INT64
OB_00030.V_L0TMS__LD_LEG_T_OS	OB_00030	V_L0TMS__LD_LEG_T_OS	CUR_OPTLSTAT_ID	5	YES	NUMERIC
OB_00030.V_L0TMS__LD_LEG_T_OS	OB_00030	V_L0TMS__LD_LEG_T_OS	RET_OPTLSTAT_ID	6	YES	NUMERIC
OB_00030.V_L0TMS__LD_LEG_T_OS	OB_00030	V_L0TMS__LD_LEG_T_OS	CUR_FNCLSTAT_ID	7	YES	NUMERIC
OB_00030.V_L0TMS__LD_LEG_T_OS	OB_00030	V_L0TMS__LD_LEG_T_OS	RET_FNCLSTAT_ID	8	YES	NUMERIC
OB_00030.V_L0TMS__LD_LEG_T_OS	OB_00030	V_L0TMS__LD_LEG_T_OS	LD_TYP_ENU	9	YES	NUMERIC
OB_00030.V_L0TMS__LD_LEG_T_OS	OB_00030	V_L0TMS__LD_LEG_T_OS	SEQ_NUM	10	YES	NUMERIC
OB_00030.V_L0TMS__LD_LEG_T_OS	OB_00030	V_L0TMS__LD_LEG_T_OS	CNCY_TYP	11	YES	NUMERIC
OB_00030.V_L0TMS__LD_LEG_T_OS	OB_00030	V_L0TMS__LD_LEG_T_OS	ECHG_RATE_PRCE	12	YES	NUMERIC
OB_00030.V_L0TMS__LD_LEG_T_OS	OB_00030	V_L0TMS__LD_LEG_T_OS	TRLR_NUM	13	YES	STRING
OB_00030.V_L0TMS__LD_LEG_T_OS	OB_00030	V_L0TMS__LD_LEG_T_OS	DRVR	14	YES	STRING
OB_00030.V_L0TMS__LD_LEG_T_OS	OB_00030	V_L0TMS__LD_LEG_T_OS	SEAL_NUM	15	YES	STRING
OB_00030.V_L0TMS__LD_LEG_T_OS	OB_00030	V_L0TMS__LD_LEG_T_OS	LD_TERM_ENU	16	YES	NUMERIC
OB_00030.V_L0TMS__LD_LEG_T_OS	OB_00030	V_L0TMS__LD_LEG_T_OS	CARR_CMTD_YN	17	YES	STRING
OB_00030.V_L0TMS__LD_LEG_T_OS	OB_00030	V_L0TMS__LD_LEG_T_OS	SRVC_CMTD_YN	18	YES	STRING
OB_00030.V_L0TMS__LD_LEG_T_OS	OB_00030	V_L0TMS__LD_LEG_T_OS	MILE_DIST	19	YES	NUMERIC
OB_00030.V_L0TMS__LD_LEG_T_OS	OB_00030	V_L0TMS__LD_LEG_T_OS	NUM_SHPM	20	YES	NUMERIC
OB_00030.V_L0TMS__LD_LEG_T_OS	OB_00030	V_L0TMS__LD_LEG_T_OS	NUM_STOP	21	YES	NUMERIC
OB_00030.V_L0TMS__LD_LEG_T_OS	OB_00030	V_L0TMS__LD_LEG_T_OS	MSTRBOL_PRTD_TMS	22	YES	NUMERIC
OB_00030.V_L0TMS__LD_LEG_T_OS	OB_00030	V_L0TMS__LD_LEG_T_OS	MNFT_PRTD_TMS	23	YES	NUMERIC
OB_00030.V_L0TMS__LD_LEG_T_OS	OB_00030	V_L0TMS__LD_LEG_T_OS	EDI_204_ISUD_YN	24	YES	STRING
OB_00030.V_L0TMS__LD_LEG_T_OS	OB_00030	V_L0TMS__LD_LEG_T_OS	CRTD_DTT	25	YES	DATETIME
OB_00030.V_L0TMS__LD_LEG_T_OS	OB_00030	V_L0TMS__LD_LEG_T_OS	SCDD_DTT	26	YES	DATETIME
OB_00030.V_L0TMS__LD_LEG_T_OS	OB_00030	V_L0TMS__LD_LEG_T_OS	UPDT_DTT	27	YES	DATETIME
OB_00030.V_L0TMS__LD_LEG_T_OS	OB_00030	V_L0TMS__LD_LEG_T_OS	SHPD_DTT	28	YES	DATETIME
OB_00030.V_L0TMS__LD_LEG_T_OS	OB_00030	V_L0TMS__LD_LEG_T_OS	CPLD_DTT	29	YES	DATETIME
OB_00030.V_L0TMS__LD_LEG_T_OS	OB_00030	V_L0TMS__LD_LEG_T_OS	TRIP_ID	30	YES	INT64
OB_00030.V_L0TMS__LD_LEG_T_OS	OB_00030	V_L0TMS__LD_LEG_T_OS	PLAN_ID	31	YES	INT64
OB_00030.V_L0TMS__LD_LEG_T_OS	OB_00030	V_L0TMS__LD_LEG_T_OS	CDTY_CD	32	YES	STRING
OB_00030.V_L0TMS__LD_LEG_T_OS	OB_00030	V_L0TMS__LD_LEG_T_OS	DIV_CD	33	YES	STRING
OB_00030.V_L0TMS__LD_LEG_T_OS	OB_00030	V_L0TMS__LD_LEG_T_OS	LGST_GRP_CD	34	YES	STRING
OB_00030.V_L0TMS__LD_LEG_T_OS	OB_00030	V_L0TMS__LD_LEG_T_OS	CARR_CD	35	YES	STRING
OB_00030.V_L0TMS__LD_LEG_T_OS	OB_00030	V_L0TMS__LD_LEG_T_OS	SRVC_CD	36	YES	STRING
OB_00030.V_L0TMS__LD_LEG_T_OS	OB_00030	V_L0TMS__LD_LEG_T_OS	TFF_ID	37	YES	INT64
OB_00030.V_L0TMS__LD_LEG_T_OS	OB_00030	V_L0TMS__LD_LEG_T_OS	RATE_CD	38	YES	STRING
OB_00030.V_L0TMS__LD_LEG_T_OS	OB_00030	V_L0TMS__LD_LEG_T_OS	CRTD_USR_CD	39	YES	STRING
OB_00030.V_L0TMS__LD_LEG_T_OS	OB_00030	V_L0TMS__LD_LEG_T_OS	UPDT_USR_CD	40	YES	STRING
OB_00030.V_L0TMS__LD_LEG_T_OS	OB_00030	V_L0TMS__LD_LEG_T_OS	TDRD_USR_CD	41	YES	STRING
OB_00030.V_L0TMS__LD_LEG_T_OS	OB_00030	V_L0TMS__LD_LEG_T_OS	MMO_ID	42	YES	INT64
OB_00030.V_L0TMS__LD_LEG_T_OS	OB_00030	V_L0TMS__LD_LEG_T_OS	MNFT_LD_GRP_CD	43	YES	STRING
OB_00030.V_L0TMS__LD_LEG_T_OS	OB_00030	V_L0TMS__LD_LEG_T_OS	CUST_CD	44	YES	STRING
OB_00030.V_L0TMS__LD_LEG_T_OS	OB_00030	V_L0TMS__LD_LEG_T_OS	UMSRSYS_ENU	45	YES	NUMERIC
OB_00030.V_L0TMS__LD_LEG_T_OS	OB_00030	V_L0TMS__LD_LEG_T_OS	UMSRWGT_ENU	46	YES	NUMERIC
OB_00030.V_L0TMS__LD_LEG_T_OS	OB_00030	V_L0TMS__LD_LEG_T_OS	UMSRLEN_ENU	47	YES	NUMERIC
OB_00030.V_L0TMS__LD_LEG_T_OS	OB_00030	V_L0TMS__LD_LEG_T_OS	SYS_CALC_AMT_DLR	48	YES	NUMERIC
OB_00030.V_L0TMS__LD_LEG_T_OS	OB_00030	V_L0TMS__LD_LEG_T_OS	DSCT_AMT_DLR	49	YES	NUMERIC
OB_00030.V_L0TMS__LD_LEG_T_OS	OB_00030	V_L0TMS__LD_LEG_T_OS	CHGD_AMT_DLR	50	YES	NUMERIC
OB_00030.V_L0TMS__LD_LEG_T_OS	OB_00030	V_L0TMS__LD_LEG_T_OS	FEDL_TAX_AMT_DLR	51	YES	NUMERIC
OB_00030.V_L0TMS__LD_LEG_T_OS	OB_00030	V_L0TMS__LD_LEG_T_OS	STA_TAX_AMT_DLR	52	YES	NUMERIC
OB_00030.V_L0TMS__LD_LEG_T_OS	OB_00030	V_L0TMS__LD_LEG_T_OS	LOC_TAX_AMT_DLR	53	YES	NUMERIC
OB_00030.V_L0TMS__LD_LEG_T_OS	OB_00030	V_L0TMS__LD_LEG_T_OS	ADTN_CHRG_DLR	54	YES	NUMERIC
OB_00030.V_L0TMS__LD_LEG_T_OS	OB_00030	V_L0TMS__LD_LEG_T_OS	PRECSLD_AMT_DLR	55	YES	NUMERIC
OB_00030.V_L0TMS__LD_LEG_T_OS	OB_00030	V_L0TMS__LD_LEG_T_OS	SCLD_WGT	56	YES	NUMERIC
OB_00030.V_L0TMS__LD_LEG_T_OS	OB_00030	V_L0TMS__LD_LEG_T_OS	VOL	57	YES	NUMERIC
OB_00030.V_L0TMS__LD_LEG_T_OS	OB_00030	V_L0TMS__LD_LEG_T_OS	ODR_VAL_DLR	58	YES	NUMERIC
OB_00030.V_L0TMS__LD_LEG_T_OS	OB_00030	V_L0TMS__LD_LEG_T_OS	DCLD_VAL_DLR	59	YES	NUMERIC
OB_00030.V_L0TMS__LD_LEG_T_OS	OB_00030	V_L0TMS__LD_LEG_T_OS	NMNL_WGT	60	YES	NUMERIC
OB_00030.V_L0TMS__LD_LEG_T_OS	OB_00030	V_L0TMS__LD_LEG_T_OS	TOT_TARE_WGT	61	YES	NUMERIC
OB_00030.V_L0TMS__LD_LEG_T_OS	OB_00030	V_L0TMS__LD_LEG_T_OS	TOT_PCE	62	YES	NUMERIC
OB_00030.V_L0TMS__LD_LEG_T_OS	OB_00030	V_L0TMS__LD_LEG_T_OS	TOT_SKID	63	YES	NUMERIC
OB_00030.V_L0TMS__LD_LEG_T_OS	OB_00030	V_L0TMS__LD_LEG_T_OS	SPOT_RATE_YN	64	YES	STRING
OB_00030.V_L0TMS__LD_LEG_T_OS	OB_00030	V_L0TMS__LD_LEG_T_OS	RATG_VLID_YN	65	YES	STRING
OB_00030.V_L0TMS__LD_LEG_T_OS	OB_00030	V_L0TMS__LD_LEG_T_OS	SUS_FUNC_ENU	66	YES	NUMERIC
OB_00030.V_L0TMS__LD_LEG_T_OS	OB_00030	V_L0TMS__LD_LEG_T_OS	DETL_RETD_YN	67	YES	STRING
OB_00030.V_L0TMS__LD_LEG_T_OS	OB_00030	V_L0TMS__LD_LEG_T_OS	NUM_URGT_LLD	68	YES	NUMERIC
OB_00030.V_L0TMS__LD_LEG_T_OS	OB_00030	V_L0TMS__LD_LEG_T_OS	LD_LEG_CAT_ENU	69	YES	NUMERIC
OB_00030.V_L0TMS__LD_LEG_T_OS	OB_00030	V_L0TMS__LD_LEG_T_OS	LD_SCHD_CMPD_YN	70	YES	STRING
OB_00030.V_L0TMS__LD_LEG_T_OS	OB_00030	V_L0TMS__LD_LEG_T_OS	QUE_ID	71	YES	INT64
OB_00030.V_L0TMS__LD_LEG_T_OS	OB_00030	V_L0TMS__LD_LEG_T_OS	RSHP_RSN_CD_TYP	72	YES	NUMERIC
OB_00030.V_L0TMS__LD_LEG_T_OS	OB_00030	V_L0TMS__LD_LEG_T_OS	CFMG_USR_CD	73	YES	STRING
OB_00030.V_L0TMS__LD_LEG_T_OS	OB_00030	V_L0TMS__LD_LEG_T_OS	COST_CTR_TYP	74	YES	NUMERIC
OB_00030.V_L0TMS__LD_LEG_T_OS	OB_00030	V_L0TMS__LD_LEG_T_OS	LLD_CARRCMTD_TMS	75	YES	NUMERIC
OB_00030.V_L0TMS__LD_LEG_T_OS	OB_00030	V_L0TMS__LD_LEG_T_OS	LLD_SRVCCMTD_TMS	76	YES	NUMERIC
OB_00030.V_L0TMS__LD_LEG_T_OS	OB_00030	V_L0TMS__LD_LEG_T_OS	STOP_BULT_YN	77	YES	STRING
OB_00030.V_L0TMS__LD_LEG_T_OS	OB_00030	V_L0TMS__LD_LEG_T_OS	MILE_CMPD_YN	78	YES	STRING
OB_00030.V_L0TMS__LD_LEG_T_OS	OB_00030	V_L0TMS__LD_LEG_T_OS	CDTY_CMTD_YN	79	YES	STRING
OB_00030.V_L0TMS__LD_LEG_T_OS	OB_00030	V_L0TMS__LD_LEG_T_OS	ELGB_CNTS_MV_ENU	80	YES	NUMERIC
OB_00030.V_L0TMS__LD_LEG_T_OS	OB_00030	V_L0TMS__LD_LEG_T_OS	TOT_SHPM	81	YES	NUMERIC
OB_00030.V_L0TMS__LD_LEG_T_OS	OB_00030	V_L0TMS__LD_LEG_T_OS	MCLDUNLDSTOP_HRS	82	YES	NUMERIC
OB_00030.V_L0TMS__LD_LEG_T_OS	OB_00030	V_L0TMS__LD_LEG_T_OS	TOTCEXCSWAIT_HRS	83	YES	NUMERIC
OB_00030.V_L0TMS__LD_LEG_T_OS	OB_00030	V_L0TMS__LD_LEG_T_OS	TOT_SCLD_WGT	84	YES	NUMERIC
OB_00030.V_L0TMS__LD_LEG_T_OS	OB_00030	V_L0TMS__LD_LEG_T_OS	TOT_VOL	85	YES	NUMERIC
OB_00030.V_L0TMS__LD_LEG_T_OS	OB_00030	V_L0TMS__LD_LEG_T_OS	TOT_ODR_VAL_DLR	86	YES	NUMERIC
OB_00030.V_L0TMS__LD_LEG_T_OS	OB_00030	V_L0TMS__LD_LEG_T_OS	TOT_DCLD_VAL_DLR	87	YES	NUMERIC
OB_00030.V_L0TMS__LD_LEG_T_OS	OB_00030	V_L0TMS__LD_LEG_T_OS	TOT_NMNL_WGT	88	YES	NUMERIC
OB_00030.V_L0TMS__LD_LEG_T_OS	OB_00030	V_L0TMS__LD_LEG_T_OS	TOT_TOT_TARE_WGT	89	YES	NUMERIC
OB_00030.V_L0TMS__LD_LEG_T_OS	OB_00030	V_L0TMS__LD_LEG_T_OS	TOT_TOT_PCE	90	YES	NUMERIC
OB_00030.V_L0TMS__LD_LEG_T_OS	OB_00030	V_L0TMS__LD_LEG_T_OS	TOT_TOT_SKID	91	YES	NUMERIC
OB_00030.V_L0TMS__LD_LEG_T_OS	OB_00030	V_L0TMS__LD_LEG_T_OS	ACC_NUM	92	YES	STRING
OB_00030.V_L0TMS__LD_LEG_T_OS	OB_00030	V_L0TMS__LD_LEG_T_OS	TEAM_DRVR_YN	93	YES	STRING
OB_00030.V_L0TMS__LD_LEG_T_OS	OB_00030	V_L0TMS__LD_LEG_T_OS	TDR_ACPD_BY_NAME	94	YES	STRING
OB_00030.V_L0TMS__LD_LEG_T_OS	OB_00030	V_L0TMS__LD_LEG_T_OS	VCHR_RUN_EXCP_ID	95	YES	INT64
OB_00030.V_L0TMS__LD_LEG_T_OS	OB_00030	V_L0TMS__LD_LEG_T_OS	RATD_DTT	96	YES	DATETIME
OB_00030.V_L0TMS__LD_LEG_T_OS	OB_00030	V_L0TMS__LD_LEG_T_OS	RUTD_ORI_ZN_CD	97	YES	STRING
OB_00030.V_L0TMS__LD_LEG_T_OS	OB_00030	V_L0TMS__LD_LEG_T_OS	RUTD_DEST_ZN_CD	98	YES	STRING
OB_00030.V_L0TMS__LD_LEG_T_OS	OB_00030	V_L0TMS__LD_LEG_T_OS	LLDHELD_NUM	99	YES	INT64
OB_00030.V_L0TMS__LD_LEG_T_OS	OB_00030	V_L0TMS__LD_LEG_T_OS	SHPM_CNFM_NUM	100	YES	INT64
OB_00030.V_L0TMS__LD_LEG_T_OS	OB_00030	V_L0TMS__LD_LEG_T_OS	RFRC_NUM_TYP	101	YES	NUMERIC
OB_00030.V_L0TMS__LD_LEG_T_OS	OB_00030	V_L0TMS__LD_LEG_T_OS	RFRC_NUM	102	YES	STRING
OB_00030.V_L0TMS__LD_LEG_T_OS	OB_00030	V_L0TMS__LD_LEG_T_OS	RFRC_NUM_ID	103	YES	INT64
OB_00030.V_L0TMS__LD_LEG_T_OS	OB_00030	V_L0TMS__LD_LEG_T_OS	MSTR_BOL_QLFR_ID	104	YES	INT64
OB_00030.V_L0TMS__LD_LEG_T_OS	OB_00030	V_L0TMS__LD_LEG_T_OS	MSTR_BOL_NUM	105	YES	STRING
OB_00030.V_L0TMS__LD_LEG_T_OS	OB_00030	V_L0TMS__LD_LEG_T_OS	OUT_ERP_CRTD_DTT	106	YES	DATETIME
OB_00030.V_L0TMS__LD_LEG_T_OS	OB_00030	V_L0TMS__LD_LEG_T_OS	OUT_ERP_UPDT_DTT	107	YES	DATETIME
OB_00030.V_L0TMS__LD_LEG_T_OS	OB_00030	V_L0TMS__LD_LEG_T_OS	FRST_SHPGPNT_ENU	108	YES	NUMERIC
OB_00030.V_L0TMS__LD_LEG_T_OS	OB_00030	V_L0TMS__LD_LEG_T_OS	FRST_SHPG_LOC_CD	109	YES	STRING
OB_00030.V_L0TMS__LD_LEG_T_OS	OB_00030	V_L0TMS__LD_LEG_T_OS	LAST_SHPGPNT_ENU	110	YES	NUMERIC
OB_00030.V_L0TMS__LD_LEG_T_OS	OB_00030	V_L0TMS__LD_LEG_T_OS	LAST_SHPG_LOC_CD	111	YES	STRING
OB_00030.V_L0TMS__LD_LEG_T_OS	OB_00030	V_L0TMS__LD_LEG_T_OS	FRST_CTRY_CD	112	YES	STRING
OB_00030.V_L0TMS__LD_LEG_T_OS	OB_00030	V_L0TMS__LD_LEG_T_OS	FRST_STA_CD	113	YES	STRING
OB_00030.V_L0TMS__LD_LEG_T_OS	OB_00030	V_L0TMS__LD_LEG_T_OS	FRST_CTY_NAME	114	YES	STRING
OB_00030.V_L0TMS__LD_LEG_T_OS	OB_00030	V_L0TMS__LD_LEG_T_OS	FRST_PSTL_CD	115	YES	STRING
OB_00030.V_L0TMS__LD_LEG_T_OS	OB_00030	V_L0TMS__LD_LEG_T_OS	LAST_CTRY_CD	116	YES	STRING
OB_00030.V_L0TMS__LD_LEG_T_OS	OB_00030	V_L0TMS__LD_LEG_T_OS	LAST_STA_CD	117	YES	STRING
OB_00030.V_L0TMS__LD_LEG_T_OS	OB_00030	V_L0TMS__LD_LEG_T_OS	LAST_CTY_NAME	118	YES	STRING
OB_00030.V_L0TMS__LD_LEG_T_OS	OB_00030	V_L0TMS__LD_LEG_T_OS	LAST_PSTL_CD	119	YES	STRING
OB_00030.V_L0TMS__LD_LEG_T_OS	OB_00030	V_L0TMS__LD_LEG_T_OS	TDR_RSPS_BY_DTT	120	YES	DATETIME
OB_00030.V_L0TMS__LD_LEG_T_OS	OB_00030	V_L0TMS__LD_LEG_T_OS	AUTO_TDR_STAT_ENU	121	YES	NUMERIC
OB_00030.V_L0TMS__LD_LEG_T_OS	OB_00030	V_L0TMS__LD_LEG_T_OS	END_DTT	122	YES	DATETIME
OB_00030.V_L0TMS__LD_LEG_T_OS	OB_00030	V_L0TMS__LD_LEG_T_OS	STRD_DTT	123	YES	DATETIME
OB_00030.V_L0TMS__LD_LEG_T_OS	OB_00030	V_L0TMS__LD_LEG_T_OS	EQMT_TYP	124	YES	STRING
OB_00030.V_L0TMS__LD_LEG_T_OS	OB_00030	V_L0TMS__LD_LEG_T_OS	EQMT_TYP_CMTD_YN	125	YES	STRING
OB_00030.V_L0TMS__LD_LEG_T_OS	OB_00030	V_L0TMS__LD_LEG_T_OS	EQMT_TYP_RQRD_NUM	126	YES	NUMERIC
OB_00030.V_L0TMS__LD_LEG_T_OS	OB_00030	V_L0TMS__LD_LEG_T_OS	LDN_LEN	127	YES	NUMERIC
OB_00030.V_L0TMS__LD_LEG_T_OS	OB_00030	V_L0TMS__LD_LEG_T_OS	TOT_LDN_LEN	128	YES	NUMERIC
OB_00030.V_L0TMS__LD_LEG_T_OS	OB_00030	V_L0TMS__LD_LEG_T_OS	ELGB_CNTS_MV_YN	129	YES	STRING
OB_00030.V_L0TMS__LD_LEG_T_OS	OB_00030	V_L0TMS__LD_LEG_T_OS	BILL_TO_CUST_CD	130	YES	STRING
OB_00030.V_L0TMS__LD_LEG_T_OS	OB_00030	V_L0TMS__LD_LEG_T_OS	FAR_PNT_STOP_ID	131	YES	INT64
OB_00030.V_L0TMS__LD_LEG_T_OS	OB_00030	V_L0TMS__LD_LEG_T_OS	DRCT_DIST	132	YES	NUMERIC
OB_00030.V_L0TMS__LD_LEG_T_OS	OB_00030	V_L0TMS__LD_LEG_T_OS	OUTOFROUT_DIST	133	YES	NUMERIC
OB_00030.V_L0TMS__LD_LEG_T_OS	OB_00030	V_L0TMS__LD_LEG_T_OS	LDD_DIST	134	YES	NUMERIC
OB_00030.V_L0TMS__LD_LEG_T_OS	OB_00030	V_L0TMS__LD_LEG_T_OS	IN_TNST_UNLDD_DIST	135	YES	NUMERIC
OB_00030.V_L0TMS__LD_LEG_T_OS	OB_00030	V_L0TMS__LD_LEG_T_OS	INIT_REPS_DIST	136	YES	NUMERIC
OB_00030.V_L0TMS__LD_LEG_T_OS	OB_00030	V_L0TMS__LD_LEG_T_OS	RET_TO_ORIG_DIST	137	YES	NUMERIC
OB_00030.V_L0TMS__LD_LEG_T_OS	OB_00030	V_L0TMS__LD_LEG_T_OS	FIXD_ITNR_DIST	138	YES	NUMERIC
OB_00030.V_L0TMS__LD_LEG_T_OS	OB_00030	V_L0TMS__LD_LEG_T_OS	NON_LIVE_PKUP_YN	139	YES	STRING
OB_00030.V_L0TMS__LD_LEG_T_OS	OB_00030	V_L0TMS__LD_LEG_T_OS	NON_LIVE_DRPF_YN	140	YES	STRING
OB_00030.V_L0TMS__LD_LEG_T_OS	OB_00030	V_L0TMS__LD_LEG_T_OS	TOT_UNLDD_DIST	141	YES	NUMERIC
OB_00030.V_L0TMS__LD_LEG_T_OS	OB_00030	V_L0TMS__LD_LEG_T_OS	LD_DESC	142	YES	STRING
OB_00030.V_L0TMS__LD_LEG_T_OS	OB_00030	V_L0TMS__LD_LEG_T_OS	UMSRDIST_ENU	143	YES	NUMERIC
OB_00030.V_L0TMS__LD_LEG_T_OS	OB_00030	V_L0TMS__LD_LEG_T_OS	LED_TM_USD_SCHD_YN	144	YES	STRING
OB_00030.V_L0TMS__LD_LEG_T_OS	OB_00030	V_L0TMS__LD_LEG_T_OS	RATE_CD_TFF_ID	145	YES	INT64
OB_00030.V_L0TMS__LD_LEG_T_OS	OB_00030	V_L0TMS__LD_LEG_T_OS	LAST_RATD_TFF_ID	146	YES	INT64
OB_00030.V_L0TMS__LD_LEG_T_OS	OB_00030	V_L0TMS__LD_LEG_T_OS	LAST_RATD_SRVC_CD	147	YES	STRING
OB_00030.V_L0TMS__LD_LEG_T_OS	OB_00030	V_L0TMS__LD_LEG_T_OS	OP_LST_NON_EMTY_YN	148	YES	STRING
OB_00030.V_L0TMS__LD_LEG_T_OS	OB_00030	V_L0TMS__LD_LEG_T_OS	NUM_BILL_STOP	149	YES	NUMERIC
OB_00030.V_L0TMS__LD_LEG_T_OS	OB_00030	V_L0TMS__LD_LEG_T_OS	LAST_SEC_CD	150	YES	STRING
OB_00030.V_L0TMS__LD_LEG_T_OS	OB_00030	V_L0TMS__LD_LEG_T_OS	DISPLAY_STATUS	151	YES	NUMERIC
OB_00030.V_L0TMS__LD_LEG_T_OS	OB_00030	V_L0TMS__LD_LEG_T_OS	FRST_STOP_ID	152	YES	INT64
OB_00030.V_L0TMS__LD_LEG_T_OS	OB_00030	V_L0TMS__LD_LEG_T_OS	LAST_STOP_ID	153	YES	INT64
OB_00030.V_L0TMS__LD_LEG_T_OS	OB_00030	V_L0TMS__LD_LEG_T_OS	ACTL_CARRSRVC	154	YES	STRING
OB_00030.V_L0TMS__LD_LEG_T_OS	OB_00030	V_L0TMS__LD_LEG_T_OS	ACTL_CHGD_AMT_DLR	155	YES	NUMERIC
OB_00030.V_L0TMS__LD_LEG_T_OS	OB_00030	V_L0TMS__LD_LEG_T_OS	ACTL_CNCY_TYP	156	YES	INT64
OB_00030.V_L0TMS__LD_LEG_T_OS	OB_00030	V_L0TMS__LD_LEG_T_OS	TOT_DRIVING_HRS	157	YES	NUMERIC
OB_00030.V_L0TMS__LD_LEG_T_OS	OB_00030	V_L0TMS__LD_LEG_T_OS	TOT_ON_DUTY_HRS	158	YES	NUMERIC
OB_00030.V_L0TMS__LD_LEG_T_OS	OB_00030	V_L0TMS__LD_LEG_T_OS	TOT_OFF_DUTY_HRS	159	YES	NUMERIC
OB_00030.V_L0TMS__LD_LEG_T_OS	OB_00030	V_L0TMS__LD_LEG_T_OS	TOT_LOADING_HRS	160	YES	NUMERIC
OB_00030.V_L0TMS__LD_LEG_T_OS	OB_00030	V_L0TMS__LD_LEG_T_OS	TOT_UNLOADING_HRS	161	YES	NUMERIC
OB_00030.V_L0TMS__LD_LEG_T_OS	OB_00030	V_L0TMS__LD_LEG_T_OS	MCEXCSWATSTP_HRS	162	YES	NUMERIC
OB_00030.V_L0TMS__LD_LEG_T_OS	OB_00030	V_L0TMS__LD_LEG_T_OS	ELPD_HRS	163	YES	NUMERIC
OB_00030.V_L0TMS__LD_LEG_T_OS	OB_00030	V_L0TMS__LD_LEG_T_OS	TRCTR_ONR	164	YES	STRING
OB_00030.V_L0TMS__LD_LEG_T_OS	OB_00030	V_L0TMS__LD_LEG_T_OS	TRLR_ONR	165	YES	STRING
OB_00030.V_L0TMS__LD_LEG_T_OS	OB_00030	V_L0TMS__LD_LEG_T_OS	DRVR_LIC_NUM	166	YES	STRING
OB_00030.V_L0TMS__LD_LEG_T_OS	OB_00030	V_L0TMS__LD_LEG_T_OS	TRCTR_LIC_NUM	167	YES	STRING
OB_00030.V_L0TMS__LD_LEG_T_OS	OB_00030	V_L0TMS__LD_LEG_T_OS	TRLR_LIC_NUM	168	YES	STRING
OB_00030.V_L0TMS__LD_LEG_T_OS	OB_00030	V_L0TMS__LD_LEG_T_OS	FRST_SHPG_LOC_NAME	169	YES	STRING
OB_00030.V_L0TMS__LD_LEG_T_OS	OB_00030	V_L0TMS__LD_LEG_T_OS	LAST_SHPG_LOC_NAME	170	YES	STRING
OB_00030.V_L0TMS__LD_LEG_T_OS	OB_00030	V_L0TMS__LD_LEG_T_OS	CARRLDTDR_CNTC_ID	171	YES	INT64
OB_00030.V_L0TMS__LD_LEG_T_OS	OB_00030	V_L0TMS__LD_LEG_T_OS	SNDRLDTDR_CNTC_ID	172	YES	INT64
OB_00030.V_L0TMS__LD_LEG_T_OS	OB_00030	V_L0TMS__LD_LEG_T_OS	CARRLDTDRCNTC_NAME	173	YES	STRING
OB_00030.V_L0TMS__LD_LEG_T_OS	OB_00030	V_L0TMS__LD_LEG_T_OS	SNDRLDTDRCNTC_NAME	174	YES	STRING
OB_00030.V_L0TMS__LD_LEG_T_OS	OB_00030	V_L0TMS__LD_LEG_T_OS	LD_CMPS_APRD_YN	175	YES	STRING
OB_00030.V_L0TMS__LD_LEG_T_OS	OB_00030	V_L0TMS__LD_LEG_T_OS	PRE_BULT_LD_YN	176	YES	STRING
OB_00030.V_L0TMS__LD_LEG_T_OS	OB_00030	V_L0TMS__LD_LEG_T_OS	HD_LD_CNTR	177	YES	NUMERIC
OB_00030.V_L0TMS__LD_LEG_T_OS	OB_00030	V_L0TMS__LD_LEG_T_OS	OPTM_PLAN_ID	178	YES	INT64
OB_00030.V_L0TMS__LD_LEG_T_OS	OB_00030	V_L0TMS__LD_LEG_T_OS	LD_SRC_ENU	179	YES	NUMERIC
OB_00030.V_L0TMS__LD_LEG_T_OS	OB_00030	V_L0TMS__LD_LEG_T_OS	LAST_RATD_CARR_CD	180	YES	STRING
OB_00030.V_L0TMS__LD_LEG_T_OS	OB_00030	V_L0TMS__LD_LEG_T_OS	LANE_ASSC_ID	181	YES	INT64
OB_00030.V_L0TMS__LD_LEG_T_OS	OB_00030	V_L0TMS__LD_LEG_T_OS	PRFD_GRSMRGN_PCT	182	YES	NUMERIC
OB_00030.V_L0TMS__LD_LEG_T_OS	OB_00030	V_L0TMS__LD_LEG_T_OS	ETMD_GRSMRGN_PCT	183	YES	NUMERIC
OB_00030.V_L0TMS__LD_LEG_T_OS	OB_00030	V_L0TMS__LD_LEG_T_OS	PLNG_STAT_ENU	184	YES	NUMERIC
OB_00030.V_L0TMS__LD_LEG_T_OS	OB_00030	V_L0TMS__LD_LEG_T_OS	PLNG_STAT_OVRD_ENU	185	YES	NUMERIC
OB_00030.V_L0TMS__LD_LEG_T_OS	OB_00030	V_L0TMS__LD_LEG_T_OS	LAST_CHNGD_MNGR_OPMR_DTT	186	YES	DATETIME
OB_00030.V_L0TMS__LD_LEG_T_OS	OB_00030	V_L0TMS__LD_LEG_T_OS	LAST_CHNGD_OPMR_DTT	187	YES	DATETIME
OB_00030.V_L0TMS__LD_LEG_T_OS	OB_00030	V_L0TMS__LD_LEG_T_OS	CARR_SOFT_CMTD_YN	188	YES	STRING
OB_00030.V_L0TMS__LD_LEG_T_OS	OB_00030	V_L0TMS__LD_LEG_T_OS	SRVC_SOFT_CMTD_YN	189	YES	STRING
OB_00030.V_L0TMS__LD_LEG_T_OS	OB_00030	V_L0TMS__LD_LEG_T_OS	EQMT_SOFT_CMTD_YN	190	YES	STRING
OB_00030.V_L0TMS__LD_LEG_T_OS	OB_00030	V_L0TMS__LD_LEG_T_OS	CSTR_OVRD_YN	191	YES	STRING
OB_00030.V_L0TMS__LD_LEG_T_OS	OB_00030	V_L0TMS__LD_LEG_T_OS	NUM_PMY_STOP	192	YES	NUMERIC
OB_00030.V_L0TMS__LD_LEG_T_OS	OB_00030	V_L0TMS__LD_LEG_T_OS	CSLD_CLS	193	YES	STRING
OB_00030.V_L0TMS__LD_LEG_T_OS	OB_00030	V_L0TMS__LD_LEG_T_OS	RFRC_NUM1	194	YES	STRING
OB_00030.V_L0TMS__LD_LEG_T_OS	OB_00030	V_L0TMS__LD_LEG_T_OS	RFRC_NUM2	195	YES	STRING
OB_00030.V_L0TMS__LD_LEG_T_OS	OB_00030	V_L0TMS__LD_LEG_T_OS	RFRC_NUM3	196	YES	STRING
OB_00030.V_L0TMS__LD_LEG_T_OS	OB_00030	V_L0TMS__LD_LEG_T_OS	RFRC_NUM4	197	YES	STRING
OB_00030.V_L0TMS__LD_LEG_T_OS	OB_00030	V_L0TMS__LD_LEG_T_OS	RFRC_NUM5	198	YES	STRING
OB_00030.V_L0TMS__LD_LEG_T_OS	OB_00030	V_L0TMS__LD_LEG_T_OS	RFRC_NUM6	199	YES	STRING
OB_00030.V_L0TMS__LD_LEG_T_OS	OB_00030	V_L0TMS__LD_LEG_T_OS	RFRC_NUM7	200	YES	STRING
OB_00030.V_L0TMS__LD_LEG_T_OS	OB_00030	V_L0TMS__LD_LEG_T_OS	RFRC_NUM8	201	YES	STRING
OB_00030.V_L0TMS__LD_LEG_T_OS	OB_00030	V_L0TMS__LD_LEG_T_OS	RFRC_NUM9	202	YES	STRING
OB_00030.V_L0TMS__LD_LEG_T_OS	OB_00030	V_L0TMS__LD_LEG_T_OS	RFRC_NUM10	203	YES	STRING
OB_00030.V_L0TMS__LD_LEG_T_OS	OB_00030	V_L0TMS__LD_LEG_T_OS	RFRC_NUM11	204	YES	STRING
OB_00030.V_L0TMS__LD_LEG_T_OS	OB_00030	V_L0TMS__LD_LEG_T_OS	RFRC_NUM12	205	YES	STRING
OB_00030.V_L0TMS__LD_LEG_T_OS	OB_00030	V_L0TMS__LD_LEG_T_OS	RFRC_NUM13	206	YES	STRING
OB_00030.V_L0TMS__LD_LEG_T_OS	OB_00030	V_L0TMS__LD_LEG_T_OS	RFRC_NUM14	207	YES	STRING
OB_00030.V_L0TMS__LD_LEG_T_OS	OB_00030	V_L0TMS__LD_LEG_T_OS	RFRC_NUM15	208	YES	STRING
OB_00030.V_L0TMS__LD_LEG_T_OS	OB_00030	V_L0TMS__LD_LEG_T_OS	RFRC_NUM16	209	YES	STRING
OB_00030.V_L0TMS__LD_LEG_T_OS	OB_00030	V_L0TMS__LD_LEG_T_OS	RFRC_NUM17	210	YES	STRING
OB_00030.V_L0TMS__LD_LEG_T_OS	OB_00030	V_L0TMS__LD_LEG_T_OS	RFRC_NUM18	211	YES	STRING
OB_00030.V_L0TMS__LD_LEG_T_OS	OB_00030	V_L0TMS__LD_LEG_T_OS	RFRC_NUM19	212	YES	STRING
OB_00030.V_L0TMS__LD_LEG_T_OS	OB_00030	V_L0TMS__LD_LEG_T_OS	RFRC_NUM20	213	YES	STRING
OB_00030.V_L0TMS__LD_LEG_T_OS	OB_00030	V_L0TMS__LD_LEG_T_OS	RFRC_NUM_VBTY_ID	214	YES	INT64
OB_00030.V_L0TMS__LD_LEG_T_OS	OB_00030	V_L0TMS__LD_LEG_T_OS	EXTL_EGIN_VER_CD	215	YES	STRING
OB_00030.V_L0TMS__LD_LEG_T_OS	OB_00030	V_L0TMS__LD_LEG_T_OS	WKND_HLDY_HRS	216	YES	NUMERIC
OB_00030.V_L0TMS__LD_LEG_T_OS	OB_00030	V_L0TMS__LD_LEG_T_OS	DMCL_CD	217	YES	STRING
OB_00030.V_L0TMS__LD_LEG_T_OS	OB_00030	V_L0TMS__LD_LEG_T_OS	DMCL_CD_TRLR	218	YES	STRING
OB_00030.V_L0TMS__LD_LEG_T_OS	OB_00030	V_L0TMS__LD_LEG_T_OS	DMCL_TRCTR_CMTD_YN	219	YES	STRING
OB_00030.V_L0TMS__LD_LEG_T_OS	OB_00030	V_L0TMS__LD_LEG_T_OS	DMCL_TRLR_CMTD_YN	220	YES	STRING
OB_00030.V_L0TMS__LD_LEG_T_OS	OB_00030	V_L0TMS__LD_LEG_T_OS	EQMT_TRCTR_CMTD_YN	221	YES	STRING
OB_00030.V_L0TMS__LD_LEG_T_OS	OB_00030	V_L0TMS__LD_LEG_T_OS	EQMT_TYP_CD_TRCTR	222	YES	STRING
OB_00030.V_L0TMS__LD_LEG_T_OS	OB_00030	V_L0TMS__LD_LEG_T_OS	EQMT_TYP_TRCTR_RQRD_NUM	223	YES	NUMERIC
OB_00030.V_L0TMS__LD_LEG_T_OS	OB_00030	V_L0TMS__LD_LEG_T_OS	TRCTR_NUM	224	YES	STRING
OB_00030.V_L0TMS__LD_LEG_T_OS	OB_00030	V_L0TMS__LD_LEG_T_OS	IN_TNST_UNLDD_TOT_DIST	225	YES	NUMERIC
OB_00030.V_L0TMS__LD_LEG_T_OS	OB_00030	V_L0TMS__LD_LEG_T_OS	TRCTR_UNLDD_DIST	226	YES	NUMERIC
OB_00030.V_L0TMS__LD_LEG_T_OS	OB_00030	V_L0TMS__LD_LEG_T_OS	TDR_REQ_ID	227	YES	INT64
OB_00030.V_L0TMS__LD_LEG_T_OS	OB_00030	V_L0TMS__LD_LEG_T_OS	WGT_DIST_EXTD	228	YES	NUMERIC
OB_00030.V_L0TMS__LD_LEG_T_OS	OB_00030	V_L0TMS__LD_LEG_T_OS	CMPR_LD_RATG_ID	229	YES	INT64
OB_00030.V_L0TMS__LD_LEG_T_OS	OB_00030	V_L0TMS__LD_LEG_T_OS	TRIP_TFF_SAV_BAS_ENU	230	YES	NUMERIC
OB_00030.V_L0TMS__LD_LEG_T_OS	OB_00030	V_L0TMS__LD_LEG_T_OS	EFCT_RATG_DT	231	YES	DATETIME
OB_00030.V_L0TMS__LD_LEG_T_OS	OB_00030	V_L0TMS__LD_LEG_T_OS	NON_LIVE_PKUP_OVRD_ENU	232	YES	INT64
OB_00030.V_L0TMS__LD_LEG_T_OS	OB_00030	V_L0TMS__LD_LEG_T_OS	NON_LIVE_DRPF_OVRD_ENU	233	YES	INT64
OB_00030.V_L0TMS__TB_GTM_DCCONFIG_OS	OB_00030	V_L0TMS__TB_GTM_DCCONFIG_OS	ETL_LOAD_TS	1	YES	TIMESTAMP
OB_00030.V_L0TMS__TB_GTM_DCCONFIG_OS	OB_00030	V_L0TMS__TB_GTM_DCCONFIG_OS	DC_CD	2	YES	STRING
OB_00030.V_L0TMS__TB_GTM_DCCONFIG_OS	OB_00030	V_L0TMS__TB_GTM_DCCONFIG_OS	DC_NM	3	YES	STRING
OB_00030.V_L0TMS__TB_GTM_DCCONFIG_OS	OB_00030	V_L0TMS__TB_GTM_DCCONFIG_OS	DIV_CODE	4	YES	STRING
OB_00030.V_L0TMS__TB_GTM_DCCONFIG_OS	OB_00030	V_L0TMS__TB_GTM_DCCONFIG_OS	GERP_ORG_CODE	5	YES	STRING
OB_00030.V_L0TMS__TB_GTM_DCCONFIG_OS	OB_00030	V_L0TMS__TB_GTM_DCCONFIG_OS	DC_TYPE	6	YES	STRING
OB_00030.V_L0TMS__TB_GTM_DCCONFIG_OS	OB_00030	V_L0TMS__TB_GTM_DCCONFIG_OS	USE_YN	7	YES	STRING
OB_00030.V_L0TMS__TB_GTM_DCCONFIG_OS	OB_00030	V_L0TMS__TB_GTM_DCCONFIG_OS	FINAL_USER_ID	8	YES	STRING
OB_00030.V_L0TMS__TB_GTM_DCCONFIG_OS	OB_00030	V_L0TMS__TB_GTM_DCCONFIG_OS	FINAL_UPDATE_DATE	9	YES	DATETIME
OB_00030.V_L0TMS__TB_GTM_DCCONFIG_OS	OB_00030	V_L0TMS__TB_GTM_DCCONFIG_OS	WMS_SYS_TYPE	10	YES	STRING
OB_00030.V_L0TMS__TB_GTM_DCCONFIG_OS	OB_00030	V_L0TMS__TB_GTM_DCCONFIG_OS	VOLSTANDARD	11	YES	NUMERIC
OB_00030.V_L0TMS__TB_GTM_DCCONFIG_OS	OB_00030	V_L0TMS__TB_GTM_DCCONFIG_OS	WEIGHTSTANDARD	12	YES	NUMERIC
OB_00030.V_L0TMS__TB_GTM_DCCONFIG_OS	OB_00030	V_L0TMS__TB_GTM_DCCONFIG_OS	AFFILIATE_CODE	13	YES	STRING
OB_00030.V_L0TMS__TB_GTM_DCCONFIG_OS	OB_00030	V_L0TMS__TB_GTM_DCCONFIG_OS	LEGAL_ENTITY_NAME	14	YES	STRING
OB_00030.V_L0TMS__TB_GTM_DCCONFIG_OS	OB_00030	V_L0TMS__TB_GTM_DCCONFIG_OS	GERP_ORG_ID	15	YES	NUMERIC
OB_00030.V_L0TMS__TB_GTM_DCCONFIG_OS	OB_00030	V_L0TMS__TB_GTM_DCCONFIG_OS	OPERATING_UNIT_ID	16	YES	NUMERIC
OB_00030.V_L0TMS__TB_GTM_DCCONFIG_OS	OB_00030	V_L0TMS__TB_GTM_DCCONFIG_OS	AU_CODE	17	YES	STRING
OB_00030.V_L0TMS__TB_GTM_DCCONFIG_OS	OB_00030	V_L0TMS__TB_GTM_DCCONFIG_OS	OLD_GERP_ORG_CODE	18	YES	STRING
OB_00030.V_L0TMS__TB_GTM_DCCONFIG_OS	OB_00030	V_L0TMS__TB_GTM_DCCONFIG_OS	TIMEZONE_OFFSET	19	YES	NUMERIC
OB_00030.V_L0TMS__TB_GTM_DCCONFIG_OS	OB_00030	V_L0TMS__TB_GTM_DCCONFIG_OS	BOOKINGDATE_USE_YN	20	YES	STRING
OB_00030.V_L0TMS__TB_GTM_DCCONFIG_OS	OB_00030	V_L0TMS__TB_GTM_DCCONFIG_OS	SPLIT_YN	21	YES	STRING
OB_00030.V_L0TMS__TB_GTM_DCCONFIG_OS	OB_00030	V_L0TMS__TB_GTM_DCCONFIG_OS	RCV_SPLIT_YN	22	YES	STRING
OB_00030.V_L0TMS__TB_GTM_DCCONFIG_OS	OB_00030	V_L0TMS__TB_GTM_DCCONFIG_OS	CHILD_DC_YN	23	YES	STRING
OB_00030.V_L0TMS__TB_GTM_DCCONFIG_OS	OB_00030	V_L0TMS__TB_GTM_DCCONFIG_OS	MAIN_DC_YN	24	YES	STRING
OB_00030.V_L0TMS__TB_GTM_DCCONFIG_OS	OB_00030	V_L0TMS__TB_GTM_DCCONFIG_OS	OTHERS_CONSOLE_FLAG	25	YES	STRING
OB_00030.V_L0TMS__TB_GTM_DCCONFIG_OS	OB_00030	V_L0TMS__TB_GTM_DCCONFIG_OS	SCC_TYPE	26	YES	STRING
OB_00030.V_L0TMS__TB_GTM_DCCONFIG_OS	OB_00030	V_L0TMS__TB_GTM_DCCONFIG_OS	SMSGATE_IF_YN	27	YES	STRING
OB_00030.V_L0TMS__TB_GTM_DCCONFIG_OS	OB_00030	V_L0TMS__TB_GTM_DCCONFIG_OS	RCVIST_ONLYUSE_YN	28	YES	STRING
OB_00030.V_L0TMS__TB_GTM_DCCONFIG_OS	OB_00030	V_L0TMS__TB_GTM_DCCONFIG_OS	DELIVERY_NO_TYPE	29	YES	STRING
OB_00030.V_L0TMS__TB_GTM_DCCONFIG_OS	OB_00030	V_L0TMS__TB_GTM_DCCONFIG_OS	DELIVERY_NO_SET_POINT	30	YES	STRING
OB_00030.V_L0TMS__TB_GTM_DCCONFIG_OS	OB_00030	V_L0TMS__TB_GTM_DCCONFIG_OS	DELIVERY_NOTE_USE_FLAG	31	YES	STRING
OB_00030.V_L0TMS__TB_GTM_DCCONFIG_OS	OB_00030	V_L0TMS__TB_GTM_DCCONFIG_OS	RATE_CHG_REASON_FILE_NEED_YN	32	YES	STRING
OB_00030.V_L0TMS__TB_GTM_DCCONFIG_OS	OB_00030	V_L0TMS__TB_GTM_DCCONFIG_OS	SHIP_PAGE_AUTO_SELECT_YN	33	YES	STRING
OB_00030.V_L0TMS__TB_GTM_DCCONFIG_OS	OB_00030	V_L0TMS__TB_GTM_DCCONFIG_OS	SHPCFM_CARRIER_EDI_YN	34	YES	STRING
OB_00030.V_L0TMS__TB_GTM_DCCONFIG_OS	OB_00030	V_L0TMS__TB_GTM_DCCONFIG_OS	DIO_USE_FLAG	35	YES	STRING
OB_00030.V_L0TMS__TB_GTM_DCCONFIG_OS	OB_00030	V_L0TMS__TB_GTM_DCCONFIG_OS	DIO_CARRIER_CODE	36	YES	STRING
OB_00030.V_L0TMS__TB_GTM_DCCONFIG_OS	OB_00030	V_L0TMS__TB_GTM_DCCONFIG_OS	DELIVERY_NOTE_AUTO_PRINT_FLAG	37	YES	STRING
OB_00030.V_L0TMS__TB_GTM_DCCONFIG_OS	OB_00030	V_L0TMS__TB_GTM_DCCONFIG_OS	LTIME_IOD_USE_YN	38	YES	STRING
OB_00030.V_L0TMS__TB_GTM_DCCONFIG_OS	OB_00030	V_L0TMS__TB_GTM_DCCONFIG_OS	LTIME_IOD_INPUT_YN	39	YES	STRING
OB_00030.V_L0TMS__TB_GTM_DCCONFIG_OS	OB_00030	V_L0TMS__TB_GTM_DCCONFIG_OS	REQ_ARVL_LG_WH_MANDATORY_FLAG	40	YES	STRING
OB_00030.V_L0TMS__TB_GTM_DCCONFIG_OS	OB_00030	V_L0TMS__TB_GTM_DCCONFIG_OS	TLP_USE_YN	41	YES	STRING
OB_00030.V_L0TMS__TB_GTM_DCCONFIG_OS	OB_00030	V_L0TMS__TB_GTM_DCCONFIG_OS	AUTO_SHIP_CONFIRM_YN	42	YES	STRING
OB_00030.V_L0TMS__TB_GTM_DCCONFIG_OS	OB_00030	V_L0TMS__TB_GTM_DCCONFIG_OS	IOD_QTY_INPUT_AVAIL_YN	43	YES	STRING
OB_00030.V_L0TMS__TB_GTM_DCCONFIG_OS	OB_00030	V_L0TMS__TB_GTM_DCCONFIG_OS	LDCFM_IF_YN	44	YES	STRING
OB_00030.V_L0TMS__TB_GTM_DCCONFIG_OS	OB_00030	V_L0TMS__TB_GTM_DCCONFIG_OS	UCCLABEL_IF_POINT	45	YES	STRING
OB_00030.V_L0TMS__TB_GTM_DCCONFIG_OS	OB_00030	V_L0TMS__TB_GTM_DCCONFIG_OS	SERIALNO_IF_POINT	46	YES	STRING
OB_00030.V_L0TMS__TB_GTM_DCCONFIG_OS	OB_00030	V_L0TMS__TB_GTM_DCCONFIG_OS	POD_UPLOAD_RESTRICT_YN	47	YES	STRING
OB_00030.V_L0TMS__TB_GTM_DCCONFIG_OS	OB_00030	V_L0TMS__TB_GTM_DCCONFIG_OS	LOAD_GROUP_USE_YN	48	YES	STRING
OB_00030.V_L0TMS__TB_GTM_DCCONFIG_OS	OB_00030	V_L0TMS__TB_GTM_DCCONFIG_OS	DELIVERY_NOTE_AUTO_POPUP_FLAG	49	YES	STRING
OB_00030.V_L0TMS__TB_GTM_DCCONFIG_OS	OB_00030	V_L0TMS__TB_GTM_DCCONFIG_OS	POD_URL_INSERT_YN	50	YES	STRING
OB_00030.V_L0TMS__TB_GTM_DCCONFIG_OS	OB_00030	V_L0TMS__TB_GTM_DCCONFIG_OS	INVO_NO_RESTRICT_USE_YN	51	YES	STRING
OB_00030.V_L0TMS__TB_GTM_DCCONFIG_OS	OB_00030	V_L0TMS__TB_GTM_DCCONFIG_OS	RETURN_USE_YN	52	YES	STRING
OB_00030.V_L0TMS__TB_GTM_DCCONFIG_OS	OB_00030	V_L0TMS__TB_GTM_DCCONFIG_OS	COMMODITY_TYPE	53	YES	STRING
OB_00030.V_L0TMS__TB_GTM_DCCONFIG_OS	OB_00030	V_L0TMS__TB_GTM_DCCONFIG_OS	HUB_USE_YN	54	YES	STRING
OB_00030.V_L0TMS__TB_GTM_DCCONFIG_OS	OB_00030	V_L0TMS__TB_GTM_DCCONFIG_OS	SHIPMENT_VER	55	YES	STRING
OB_00030.V_L0TMS__TB_GTM_DCCONFIG_OS	OB_00030	V_L0TMS__TB_GTM_DCCONFIG_OS	RATE_BY_PLT_USE_YN	56	YES	STRING
OB_00030.V_L0TMS__TB_GTM_DCCONFIG_OS	OB_00030	V_L0TMS__TB_GTM_DCCONFIG_OS	IF_GROUP_ID	57	YES	STRING
OB_00030.V_L0TMS__TB_GTM_DCCONFIG_OS	OB_00030	V_L0TMS__TB_GTM_DCCONFIG_OS	XDOCK_USE_YN	58	YES	STRING
OB_00030.V_L0TMS__TB_GTM_DCCONFIG_OS	OB_00030	V_L0TMS__TB_GTM_DCCONFIG_OS	PGSI_IF_YN	59	YES	STRING
OB_00030.V_L0TMS__ZN_T_OS	OB_00030	V_L0TMS__ZN_T_OS	ETL_LOAD_TS	1	YES	TIMESTAMP
OB_00030.V_L0TMS__ZN_T_OS	OB_00030	V_L0TMS__ZN_T_OS	ZN_CD	2	YES	STRING
OB_00030.V_L0TMS__ZN_T_OS	OB_00030	V_L0TMS__ZN_T_OS	OPT_LCK	3	YES	INT64
OB_00030.V_L0TMS__ZN_T_OS	OB_00030	V_L0TMS__ZN_T_OS	ZN_DESC	4	YES	STRING
OB_00030.V_L0TMS__ZN_T_OS	OB_00030	V_L0TMS__ZN_T_OS	STA_CD	5	YES	STRING
OB_00030.V_L0TMS__ZN_T_OS	OB_00030	V_L0TMS__ZN_T_OS	SHRD_CNTR	6	YES	NUMERIC
OB_00030.V_L0TMS__ZN_T_OS	OB_00030	V_L0TMS__ZN_T_OS	CTRY_CD	7	YES	STRING
OB_00030.V_L0TMS__ZN_T_OS	OB_00030	V_L0TMS__ZN_T_OS	CLS_ID	8	YES	INT64
OB_00030.V_L0TMS__ZN_T_OS	OB_00030	V_L0TMS__ZN_T_OS	HUBRGN_GRP_CD	9	YES	STRING
OB_00030.V_L0TMS__ZN_T_OS	OB_00030	V_L0TMS__ZN_T_OS	CSLDAREA_GRP_CD	10	YES	STRING
OB_00030.V_L0TMS__ZN_T_OS	OB_00030	V_L0TMS__ZN_T_OS	GLRGN_GRP_CD	11	YES	STRING
OB_00030.V_L0TMS__ZN_T_OS	OB_00030	V_L0TMS__ZN_T_OS	TM_ZN_OFST_TYP	12	YES	NUMERIC
OB_00030.V_L0TMS__ZN_T_OS	OB_00030	V_L0TMS__ZN_T_OS	DAYLGT_OFST_TYP	13	YES	NUMERIC
OB_00030.V_L0TMS__ZN_T_OS	OB_00030	V_L0TMS__ZN_T_OS	TAXRGN_GRP_CD	14	YES	STRING
OB_00030.V_L0TMS__ZN_T_OS	OB_00030	V_L0TMS__ZN_T_OS	CRTD_DTT	15	YES	DATETIME
OB_00030.V_L0TMS__ZN_T_OS	OB_00030	V_L0TMS__ZN_T_OS	UPDT_DTT	16	YES	DATETIME
OB_00030.V_L0TMS__ZN_T_OS	OB_00030	V_L0TMS__ZN_T_OS	SHRT_DESC	17	YES	STRING
OB_00030.V_L0TMS__ZN_T_OS	OB_00030	V_L0TMS__ZN_T_OS	DIV_CD	18	YES	STRING
OB_00030.V_L0TMS__ZN_T_OS	OB_00030	V_L0TMS__ZN_T_OS	CRTD_USR_CD	19	YES	STRING
OB_00030.V_L0TMS__ZN_T_OS	OB_00030	V_L0TMS__ZN_T_OS	UPDT_USR_CD	20	YES	STRING
OB_00030.V_L0TMS__ZN_T_OS	OB_00030	V_L0TMS__ZN_T_OS	BUS_HRS_OFST_ID	21	YES	INT64
OB_00030.V_L0TMS__CARR_T_OS	OB_00030	V_L0TMS__CARR_T_OS	ETL_LOAD_TS	1	YES	TIMESTAMP
OB_00030.V_L0TMS__CARR_T_OS	OB_00030	V_L0TMS__CARR_T_OS	CARR_CD	2	YES	STRING
OB_00030.V_L0TMS__CARR_T_OS	OB_00030	V_L0TMS__CARR_T_OS	OPT_LCK	3	YES	INT64
OB_00030.V_L0TMS__CARR_T_OS	OB_00030	V_L0TMS__CARR_T_OS	NAME	4	YES	STRING
OB_00030.V_L0TMS__CARR_T_OS	OB_00030	V_L0TMS__CARR_T_OS	LANG_TYP	5	YES	NUMERIC
OB_00030.V_L0TMS__CARR_T_OS	OB_00030	V_L0TMS__CARR_T_OS	CARR_TYP	6	YES	NUMERIC
OB_00030.V_L0TMS__CARR_T_OS	OB_00030	V_L0TMS__CARR_T_OS	SCAC_TYP	7	YES	NUMERIC
OB_00030.V_L0TMS__CARR_T_OS	OB_00030	V_L0TMS__CARR_T_OS	STAT_ENU	8	YES	NUMERIC
OB_00030.V_L0TMS__CARR_T_OS	OB_00030	V_L0TMS__CARR_T_OS	CTRC_ID_CD	9	YES	STRING
OB_00030.V_L0TMS__CARR_T_OS	OB_00030	V_L0TMS__CARR_T_OS	CTRC_DT	10	YES	DATETIME
OB_00030.V_L0TMS__CARR_T_OS	OB_00030	V_L0TMS__CARR_T_OS	COST_CTR_TYP	11	YES	NUMERIC
OB_00030.V_L0TMS__CARR_T_OS	OB_00030	V_L0TMS__CARR_T_OS	ACC_NUM_CD	12	YES	STRING
OB_00030.V_L0TMS__CARR_T_OS	OB_00030	V_L0TMS__CARR_T_OS	AP_VEND_NUM_CD	13	YES	STRING
OB_00030.V_L0TMS__CARR_T_OS	OB_00030	V_L0TMS__CARR_T_OS	FB_PYMT_MD_ENU	14	YES	NUMERIC
OB_00030.V_L0TMS__CARR_T_OS	OB_00030	V_L0TMS__CARR_T_OS	CNCY_TYP	15	YES	NUMERIC
OB_00030.V_L0TMS__CARR_T_OS	OB_00030	V_L0TMS__CARR_T_OS	FAX_EBL_YN	16	YES	STRING
OB_00030.V_L0TMS__CARR_T_OS	OB_00030	V_L0TMS__CARR_T_OS	PKUP_LED_TM_TYP	17	YES	NUMERIC
OB_00030.V_L0TMS__CARR_T_OS	OB_00030	V_L0TMS__CARR_T_OS	COMP_TRKG_YN	18	YES	STRING
OB_00030.V_L0TMS__CARR_T_OS	OB_00030	V_L0TMS__CARR_T_OS	BRCD_TYP	19	YES	NUMERIC
OB_00030.V_L0TMS__CARR_T_OS	OB_00030	V_L0TMS__CARR_T_OS	PRT_LBL_YN	20	YES	STRING
OB_00030.V_L0TMS__CARR_T_OS	OB_00030	V_L0TMS__CARR_T_OS	PRT_BOL_YN	21	YES	STRING
OB_00030.V_L0TMS__CARR_T_OS	OB_00030	V_L0TMS__CARR_T_OS	PRT_MNFT_YN	22	YES	STRING
OB_00030.V_L0TMS__CARR_T_OS	OB_00030	V_L0TMS__CARR_T_OS	PRT_FRHT_BILL_YN	23	YES	STRING
OB_00030.V_L0TMS__CARR_T_OS	OB_00030	V_L0TMS__CARR_T_OS	ATHZ_APT_YN	24	YES	STRING
OB_00030.V_L0TMS__CARR_T_OS	OB_00030	V_L0TMS__CARR_T_OS	INS_EXP_DT	25	YES	DATETIME
OB_00030.V_L0TMS__CARR_T_OS	OB_00030	V_L0TMS__CARR_T_OS	INS_AMT_DLR	26	YES	NUMERIC
OB_00030.V_L0TMS__CARR_T_OS	OB_00030	V_L0TMS__CARR_T_OS	SGL_TDR_NEED_YN	27	YES	STRING
OB_00030.V_L0TMS__CARR_T_OS	OB_00030	V_L0TMS__CARR_T_OS	ROUT_PRCN_ENU	28	YES	NUMERIC
OB_00030.V_L0TMS__CARR_T_OS	OB_00030	V_L0TMS__CARR_T_OS	BOL_FMT_TYP	29	YES	NUMERIC
OB_00030.V_L0TMS__CARR_T_OS	OB_00030	V_L0TMS__CARR_T_OS	SHP_LBL_FMT_TYP	30	YES	NUMERIC
OB_00030.V_L0TMS__CARR_T_OS	OB_00030	V_L0TMS__CARR_T_OS	MNFT_FMT_TYP	31	YES	NUMERIC
OB_00030.V_L0TMS__CARR_T_OS	OB_00030	V_L0TMS__CARR_T_OS	FRHTBILL_FMT_TYP	32	YES	NUMERIC
OB_00030.V_L0TMS__CARR_T_OS	OB_00030	V_L0TMS__CARR_T_OS	MAXPAYVARPOS_PCT	33	YES	NUMERIC
OB_00030.V_L0TMS__CARR_T_OS	OB_00030	V_L0TMS__CARR_T_OS	MAXPAYVARPOS_DLR	34	YES	NUMERIC
OB_00030.V_L0TMS__CARR_T_OS	OB_00030	V_L0TMS__CARR_T_OS	MAXPAYVARNEG_PCT	35	YES	NUMERIC
OB_00030.V_L0TMS__CARR_T_OS	OB_00030	V_L0TMS__CARR_T_OS	MAXPAYVARNEG_DLR	36	YES	NUMERIC
OB_00030.V_L0TMS__CARR_T_OS	OB_00030	V_L0TMS__CARR_T_OS	SRVC_GRD_TYP	37	YES	NUMERIC
OB_00030.V_L0TMS__CARR_T_OS	OB_00030	V_L0TMS__CARR_T_OS	MINO_GRP_TYP	38	YES	NUMERIC
OB_00030.V_L0TMS__CARR_T_OS	OB_00030	V_L0TMS__CARR_T_OS	MNFT_NUM_DEFD_YN	39	YES	STRING
OB_00030.V_L0TMS__CARR_T_OS	OB_00030	V_L0TMS__CARR_T_OS	FB_NUM_DEFD_YN	40	YES	STRING
OB_00030.V_L0TMS__CARR_T_OS	OB_00030	V_L0TMS__CARR_T_OS	BOLNUM_FMT_CD	41	YES	STRING
OB_00030.V_L0TMS__CARR_T_OS	OB_00030	V_L0TMS__CARR_T_OS	BOLNUM_ENTAUT_YN	42	YES	STRING
OB_00030.V_L0TMS__CARR_T_OS	OB_00030	V_L0TMS__CARR_T_OS	SLC_TFF_MD_ENU	43	YES	NUMERIC
OB_00030.V_L0TMS__CARR_T_OS	OB_00030	V_L0TMS__CARR_T_OS	RSTD_CARR_YN	44	YES	STRING
OB_00030.V_L0TMS__CARR_T_OS	OB_00030	V_L0TMS__CARR_T_OS	EDI_CAPB	45	YES	NUMERIC
OB_00030.V_L0TMS__CARR_T_OS	OB_00030	V_L0TMS__CARR_T_OS	ENRT_CMNT	46	YES	NUMERIC
OB_00030.V_L0TMS__CARR_T_OS	OB_00030	V_L0TMS__CARR_T_OS	STAT_VRFC_ENU	47	YES	NUMERIC
OB_00030.V_L0TMS__CARR_T_OS	OB_00030	V_L0TMS__CARR_T_OS	AP_TRMS_TYP	48	YES	NUMERIC
OB_00030.V_L0TMS__CARR_T_OS	OB_00030	V_L0TMS__CARR_T_OS	CRTD_DTT	49	YES	DATETIME
OB_00030.V_L0TMS__CARR_T_OS	OB_00030	V_L0TMS__CARR_T_OS	UPDT_DTT	50	YES	DATETIME
OB_00030.V_L0TMS__CARR_T_OS	OB_00030	V_L0TMS__CARR_T_OS	FB_GRP_LVL_ENU	51	YES	NUMERIC
OB_00030.V_L0TMS__CARR_T_OS	OB_00030	V_L0TMS__CARR_T_OS	VCHR_GEN_LVL_ENU	52	YES	NUMERIC
OB_00030.V_L0TMS__CARR_T_OS	OB_00030	V_L0TMS__CARR_T_OS	PYTO_CARR_CD	53	YES	STRING
OB_00030.V_L0TMS__CARR_T_OS	OB_00030	V_L0TMS__CARR_T_OS	USR_CD	54	YES	STRING
OB_00030.V_L0TMS__CARR_T_OS	OB_00030	V_L0TMS__CARR_T_OS	BUS_HRS_OFST_ID	55	YES	INT64
OB_00030.V_L0TMS__CARR_T_OS	OB_00030	V_L0TMS__CARR_T_OS	INS_NOTES_MMO_ID	56	YES	INT64
OB_00030.V_L0TMS__CARR_T_OS	OB_00030	V_L0TMS__CARR_T_OS	MMO_ID	57	YES	INT64
OB_00030.V_L0TMS__CARR_T_OS	OB_00030	V_L0TMS__CARR_T_OS	UPDT_USR_CD	58	YES	STRING
OB_00030.V_L0TMS__CARR_T_OS	OB_00030	V_L0TMS__CARR_T_OS	TEL1_PHN	59	YES	STRING
OB_00030.V_L0TMS__CARR_T_OS	OB_00030	V_L0TMS__CARR_T_OS	TEL2_PHN	60	YES	STRING
OB_00030.V_L0TMS__CARR_T_OS	OB_00030	V_L0TMS__CARR_T_OS	FAX_PHN	61	YES	STRING
OB_00030.V_L0TMS__CARR_T_OS	OB_00030	V_L0TMS__CARR_T_OS	EMAL	62	YES	STRING
OB_00030.V_L0TMS__CARR_T_OS	OB_00030	V_L0TMS__CARR_T_OS	URL	63	YES	STRING
OB_00030.V_L0TMS__CARR_T_OS	OB_00030	V_L0TMS__CARR_T_OS	UMSRSYS_ENU	64	YES	NUMERIC
OB_00030.V_L0TMS__CARR_T_OS	OB_00030	V_L0TMS__CARR_T_OS	UMSRWGT_ENU	65	YES	NUMERIC
OB_00030.V_L0TMS__CARR_T_OS	OB_00030	V_L0TMS__CARR_T_OS	UMSRLEN_ENU	66	YES	NUMERIC
OB_00030.V_L0TMS__CARR_T_OS	OB_00030	V_L0TMS__CARR_T_OS	TDR_RSPS_HRS	67	YES	NUMERIC
OB_00030.V_L0TMS__CARR_T_OS	OB_00030	V_L0TMS__CARR_T_OS	INTL_CARR_YN	68	YES	STRING
OB_00030.V_L0TMS__CARR_T_OS	OB_00030	V_L0TMS__CARR_T_OS	MIN_TDR_LED_HRS	69	YES	NUMERIC
OB_00030.V_L0TMS__CARR_T_OS	OB_00030	V_L0TMS__CARR_T_OS	NONLIVE_LD_UNLD_YN	70	YES	STRING
OB_00030.V_L0TMS__CARR_T_OS	OB_00030	V_L0TMS__CARR_T_OS	ELGB_CNTS_MV_YN	71	YES	STRING
OB_00030.V_L0TMS__CARR_T_OS	OB_00030	V_L0TMS__CARR_T_OS	MIN_TRP_CTN_LD_HRS	72	YES	NUMERIC
OB_00030.V_L0TMS__CARR_T_OS	OB_00030	V_L0TMS__CARR_T_OS	VCHR_GEN_LVL_TRIP_ENU	73	YES	NUMERIC
OB_00030.V_L0TMS__CARR_T_OS	OB_00030	V_L0TMS__CARR_T_OS	UMSRDIST_ENU	74	YES	NUMERIC
OB_00030.V_L0TMS__CARR_T_OS	OB_00030	V_L0TMS__CARR_T_OS	FA_DETL_CHRG_YN	75	YES	STRING
OB_00030.V_L0TMS__CARR_T_OS	OB_00030	V_L0TMS__CARR_T_OS	APVCHRCNCY_ENU	76	YES	NUMERIC
OB_00030.V_L0TMS__CARR_T_OS	OB_00030	V_L0TMS__CARR_T_OS	CEA_ACTV_YN	77	YES	STRING
OB_00030.V_L0TMS__CARR_T_OS	OB_00030	V_L0TMS__CARR_T_OS	CEA_MIN_LDS	78	YES	NUMERIC
OB_00030.V_L0TMS__CARR_T_OS	OB_00030	V_L0TMS__CARR_T_OS	CEA_MAX_LDS	79	YES	NUMERIC
OB_00030.V_L0TMS__CARR_T_OS	OB_00030	V_L0TMS__CARR_T_OS	CEA_PNLTYMIN_LDS_AMT_DLR	80	YES	NUMERIC
OB_00030.V_L0TMS__CARR_T_OS	OB_00030	V_L0TMS__CARR_T_OS	CEA_PNLTYMAX_LDS_AMT_DLR	81	YES	NUMERIC
OB_00030.V_L0TMS__CARR_T_OS	OB_00030	V_L0TMS__CARR_T_OS	DIV_CD	82	YES	STRING
OB_00030.V_L0TMS__CARR_T_OS	OB_00030	V_L0TMS__CARR_T_OS	SPOT_CARR_YN	83	YES	STRING
OB_00030.V_L0TMS__CARR_T_OS	OB_00030	V_L0TMS__CARR_T_OS	MAX_ALW_LWSTCOST_PCT	84	YES	NUMERIC
OB_00030.V_L0TMS__CARR_T_OS	OB_00030	V_L0TMS__CARR_T_OS	CORP1_ID	85	YES	STRING
OB_00030.V_L0TMS__CARR_T_OS	OB_00030	V_L0TMS__CARR_T_OS	CORP2_ID	86	YES	STRING
OB_00030.V_L0TMS__CARR_T_OS	OB_00030	V_L0TMS__CARR_T_OS	ELGB_CNTS_MV_PLND_YN	87	YES	STRING
OB_00030.V_L0TMS__CARR_T_OS	OB_00030	V_L0TMS__CARR_T_OS	ELGB_CNTS_MV_TDRD_YN	88	YES	STRING
OB_00030.V_L0TMS__CARR_T_OS	OB_00030	V_L0TMS__CARR_T_OS	ELGB_CNTS_MV_TDR_ACPD_YN	89	YES	STRING
OB_00030.V_L0TMS__CARR_T_OS	OB_00030	V_L0TMS__CARR_T_OS	ELGB_CNTS_MV_CFMD_YN	90	YES	STRING
OB_00030.V_L0TMS__CARR_T_OS	OB_00030	V_L0TMS__CARR_T_OS	ELGB_CNTS_MV_CPLD_YN	91	YES	STRING
OB_00030.V_L0TMS__CARR_T_OS	OB_00030	V_L0TMS__CARR_T_OS	EXTL_CD1	92	YES	STRING
OB_00030.V_L0TMS__CARR_T_OS	OB_00030	V_L0TMS__CARR_T_OS	EXTL_CD2	93	YES	STRING
OB_00030.V_L0TMS__CARR_T_OS	OB_00030	V_L0TMS__CARR_T_OS	CEA_CSTR_PCT_YN	94	YES	STRING
OB_00030.V_L0TMS__CARR_T_OS	OB_00030	V_L0TMS__CARR_T_OS	ALW_SHPM_TDR_YN	95	YES	STRING
OB_00030.V_L0TMS__CARR_T_OS	OB_00030	V_L0TMS__CARR_T_OS	TRIP_ELGB_CTNN_YN	96	YES	STRING
OB_00030.V_L0TMS__CARR_T_OS	OB_00030	V_L0TMS__CARR_T_OS	FB_CNCY_MAT_YN	97	YES	STRING
OB_00030.V_L0TMS__TB_GTM_LOAD_OS	OB_00030	V_L0TMS__TB_GTM_LOAD_OS	P_PTT	1	YES	DATE
OB_00030.V_L0TMS__TB_GTM_LOAD_OS	OB_00030	V_L0TMS__TB_GTM_LOAD_OS	ETL_LOAD_TS	2	YES	TIMESTAMP
OB_00030.V_L0TMS__TB_GTM_LOAD_OS	OB_00030	V_L0TMS__TB_GTM_LOAD_OS	SEQ_NO	3	YES	NUMERIC
OB_00030.V_L0TMS__TB_GTM_LOAD_OS	OB_00030	V_L0TMS__TB_GTM_LOAD_OS	DC_CD	4	YES	STRING
OB_00030.V_L0TMS__TB_GTM_LOAD_OS	OB_00030	V_L0TMS__TB_GTM_LOAD_OS	LD_LEG_ID	5	YES	NUMERIC
OB_00030.V_L0TMS__TB_GTM_LOAD_OS	OB_00030	V_L0TMS__TB_GTM_LOAD_OS	LD_LEG_SEQ_NO	6	YES	NUMERIC
OB_00030.V_L0TMS__TB_GTM_LOAD_OS	OB_00030	V_L0TMS__TB_GTM_LOAD_OS	LOAD_ID	7	YES	STRING
OB_00030.V_L0TMS__TB_GTM_LOAD_OS	OB_00030	V_L0TMS__TB_GTM_LOAD_OS	SHIPMENTNUMBER	8	YES	STRING
OB_00030.V_L0TMS__TB_GTM_LOAD_OS	OB_00030	V_L0TMS__TB_GTM_LOAD_OS	LOAD_STATUS	9	YES	STRING
OB_00030.V_L0TMS__TB_GTM_LOAD_OS	OB_00030	V_L0TMS__TB_GTM_LOAD_OS	CARR_CD	10	YES	STRING
OB_00030.V_L0TMS__TB_GTM_LOAD_OS	OB_00030	V_L0TMS__TB_GTM_LOAD_OS	SRVC_CD	11	YES	STRING
OB_00030.V_L0TMS__TB_GTM_LOAD_OS	OB_00030	V_L0TMS__TB_GTM_LOAD_OS	DEPARTURE_TYPE	12	YES	STRING
OB_00030.V_L0TMS__TB_GTM_LOAD_OS	OB_00030	V_L0TMS__TB_GTM_LOAD_OS	FRM_SHPG_LOC_CD	13	YES	STRING
OB_00030.V_L0TMS__TB_GTM_LOAD_OS	OB_00030	V_L0TMS__TB_GTM_LOAD_OS	DESTINATION_TYPE	14	YES	STRING
OB_00030.V_L0TMS__TB_GTM_LOAD_OS	OB_00030	V_L0TMS__TB_GTM_LOAD_OS	TO_SHPG_LOC_CD	15	YES	STRING
OB_00030.V_L0TMS__TB_GTM_LOAD_OS	OB_00030	V_L0TMS__TB_GTM_LOAD_OS	TMS_ORDER_TYPE	16	YES	STRING
OB_00030.V_L0TMS__TB_GTM_LOAD_OS	OB_00030	V_L0TMS__TB_GTM_LOAD_OS	SHPM_CNT	17	YES	NUMERIC
OB_00030.V_L0TMS__TB_GTM_LOAD_OS	OB_00030	V_L0TMS__TB_GTM_LOAD_OS	LEGAL_ENTITY_NAME	18	YES	STRING
OB_00030.V_L0TMS__TB_GTM_LOAD_OS	OB_00030	V_L0TMS__TB_GTM_LOAD_OS	OPERATING_UNIT_ID	19	YES	NUMERIC
OB_00030.V_L0TMS__TB_GTM_LOAD_OS	OB_00030	V_L0TMS__TB_GTM_LOAD_OS	ORGANIZATION_CODE	20	YES	STRING
OB_00030.V_L0TMS__TB_GTM_LOAD_OS	OB_00030	V_L0TMS__TB_GTM_LOAD_OS	ORGANIZATION_ID	21	YES	NUMERIC
OB_00030.V_L0TMS__TB_GTM_LOAD_OS	OB_00030	V_L0TMS__TB_GTM_LOAD_OS	PICK_ORDER_NO	22	YES	STRING
OB_00030.V_L0TMS__TB_GTM_LOAD_OS	OB_00030	V_L0TMS__TB_GTM_LOAD_OS	PICK_SEQ_NO	23	YES	NUMERIC
OB_00030.V_L0TMS__TB_GTM_LOAD_OS	OB_00030	V_L0TMS__TB_GTM_LOAD_OS	SPLIT_SEQ	24	YES	NUMERIC
OB_00030.V_L0TMS__TB_GTM_LOAD_OS	OB_00030	V_L0TMS__TB_GTM_LOAD_OS	SOURCE_HEADER_ID	25	YES	NUMERIC
OB_00030.V_L0TMS__TB_GTM_LOAD_OS	OB_00030	V_L0TMS__TB_GTM_LOAD_OS	SOURCE_HEADER_NO	26	YES	STRING
OB_00030.V_L0TMS__TB_GTM_LOAD_OS	OB_00030	V_L0TMS__TB_GTM_LOAD_OS	SOURCE_LINE_ID	27	YES	NUMERIC
OB_00030.V_L0TMS__TB_GTM_LOAD_OS	OB_00030	V_L0TMS__TB_GTM_LOAD_OS	SOURCE_LINE_NO	28	YES	NUMERIC
OB_00030.V_L0TMS__TB_GTM_LOAD_OS	OB_00030	V_L0TMS__TB_GTM_LOAD_OS	SOURCE_TYPE_CODE	29	YES	STRING
OB_00030.V_L0TMS__TB_GTM_LOAD_OS	OB_00030	V_L0TMS__TB_GTM_LOAD_OS	MOVE_ORDER_LINE_ID	30	YES	NUMERIC
OB_00030.V_L0TMS__TB_GTM_LOAD_OS	OB_00030	V_L0TMS__TB_GTM_LOAD_OS	CUSTOMER_PURCHASE_ORDER_NO	31	YES	STRING
OB_00030.V_L0TMS__TB_GTM_LOAD_OS	OB_00030	V_L0TMS__TB_GTM_LOAD_OS	ITEM_CODE	32	YES	STRING
OB_00030.V_L0TMS__TB_GTM_LOAD_OS	OB_00030	V_L0TMS__TB_GTM_LOAD_OS	ITEM_DESC	33	YES	STRING
OB_00030.V_L0TMS__TB_GTM_LOAD_OS	OB_00030	V_L0TMS__TB_GTM_LOAD_OS	SUBINVENTORY_CODE	34	YES	STRING
OB_00030.V_L0TMS__TB_GTM_LOAD_OS	OB_00030	V_L0TMS__TB_GTM_LOAD_OS	PICK_QTY	35	YES	NUMERIC
OB_00030.V_L0TMS__TB_GTM_LOAD_OS	OB_00030	V_L0TMS__TB_GTM_LOAD_OS	DELIVERY_QTY	36	YES	NUMERIC
OB_00030.V_L0TMS__TB_GTM_LOAD_OS	OB_00030	V_L0TMS__TB_GTM_LOAD_OS	SHORTAGE_SHPG_REASON_CODE	37	YES	STRING
OB_00030.V_L0TMS__TB_GTM_LOAD_OS	OB_00030	V_L0TMS__TB_GTM_LOAD_OS	UNIT_VOLUME	38	YES	NUMERIC
OB_00030.V_L0TMS__TB_GTM_LOAD_OS	OB_00030	V_L0TMS__TB_GTM_LOAD_OS	UNIT_LIST_PRICE	39	YES	NUMERIC
OB_00030.V_L0TMS__TB_GTM_LOAD_OS	OB_00030	V_L0TMS__TB_GTM_LOAD_OS	SERIAL_NO_FLAG	40	YES	STRING
OB_00030.V_L0TMS__TB_GTM_LOAD_OS	OB_00030	V_L0TMS__TB_GTM_LOAD_OS	CANCEL_FLAG	41	YES	STRING
OB_00030.V_L0TMS__TB_GTM_LOAD_OS	OB_00030	V_L0TMS__TB_GTM_LOAD_OS	ORDER_DATE	42	YES	DATETIME
OB_00030.V_L0TMS__TB_GTM_LOAD_OS	OB_00030	V_L0TMS__TB_GTM_LOAD_OS	PICK_RELEASE_DATE	43	YES	DATETIME
OB_00030.V_L0TMS__TB_GTM_LOAD_OS	OB_00030	V_L0TMS__TB_GTM_LOAD_OS	LOAD_CREATION_DATE	44	YES	DATETIME
OB_00030.V_L0TMS__TB_GTM_LOAD_OS	OB_00030	V_L0TMS__TB_GTM_LOAD_OS	RELEASE_TO_WH_DATE	45	YES	DATETIME
OB_00030.V_L0TMS__TB_GTM_LOAD_OS	OB_00030	V_L0TMS__TB_GTM_LOAD_OS	LOAD_CONFIRM_DATE	46	YES	DATETIME
OB_00030.V_L0TMS__TB_GTM_LOAD_OS	OB_00030	V_L0TMS__TB_GTM_LOAD_OS	SHIPPING_DATE	47	YES	DATETIME
OB_00030.V_L0TMS__TB_GTM_LOAD_OS	OB_00030	V_L0TMS__TB_GTM_LOAD_OS	PICKUP_FROM_DATE	48	YES	DATETIME
OB_00030.V_L0TMS__TB_GTM_LOAD_OS	OB_00030	V_L0TMS__TB_GTM_LOAD_OS	PICKUP_TO_DATE	49	YES	DATETIME
OB_00030.V_L0TMS__TB_GTM_LOAD_OS	OB_00030	V_L0TMS__TB_GTM_LOAD_OS	APPOINTMENT_FROM_DATE	50	YES	DATETIME
OB_00030.V_L0TMS__TB_GTM_LOAD_OS	OB_00030	V_L0TMS__TB_GTM_LOAD_OS	APPOINTMENT_TO_DATE	51	YES	DATETIME
OB_00030.V_L0TMS__TB_GTM_LOAD_OS	OB_00030	V_L0TMS__TB_GTM_LOAD_OS	VEHICLE_TYPE_CODE	52	YES	STRING
OB_00030.V_L0TMS__TB_GTM_LOAD_OS	OB_00030	V_L0TMS__TB_GTM_LOAD_OS	VEHICLE_NO	53	YES	STRING
OB_00030.V_L0TMS__TB_GTM_LOAD_OS	OB_00030	V_L0TMS__TB_GTM_LOAD_OS	CONTAINER_NO	54	YES	STRING
OB_00030.V_L0TMS__TB_GTM_LOAD_OS	OB_00030	V_L0TMS__TB_GTM_LOAD_OS	CONTAINER_TYPE_CODE	55	YES	STRING
OB_00030.V_L0TMS__TB_GTM_LOAD_OS	OB_00030	V_L0TMS__TB_GTM_LOAD_OS	SEAL_NO	56	YES	STRING
OB_00030.V_L0TMS__TB_GTM_LOAD_OS	OB_00030	V_L0TMS__TB_GTM_LOAD_OS	DRIVER_NAME	57	YES	STRING
OB_00030.V_L0TMS__TB_GTM_LOAD_OS	OB_00030	V_L0TMS__TB_GTM_LOAD_OS	DELIVERY_NO	58	YES	STRING
OB_00030.V_L0TMS__TB_GTM_LOAD_OS	OB_00030	V_L0TMS__TB_GTM_LOAD_OS	APPOINTMENT_NO	59	YES	STRING
OB_00030.V_L0TMS__TB_GTM_LOAD_OS	OB_00030	V_L0TMS__TB_GTM_LOAD_OS	APPOINTMENT_CONTACT_NAME	60	YES	STRING
OB_00030.V_L0TMS__TB_GTM_LOAD_OS	OB_00030	V_L0TMS__TB_GTM_LOAD_OS	BILL_TO_CUSTOMER_CODE	61	YES	STRING
OB_00030.V_L0TMS__TB_GTM_LOAD_OS	OB_00030	V_L0TMS__TB_GTM_LOAD_OS	BILL_TO_NAME	62	YES	STRING
OB_00030.V_L0TMS__TB_GTM_LOAD_OS	OB_00030	V_L0TMS__TB_GTM_LOAD_OS	BILL_TO_STATE_CODE	63	YES	STRING
OB_00030.V_L0TMS__TB_GTM_LOAD_OS	OB_00030	V_L0TMS__TB_GTM_LOAD_OS	BILL_TO_POSTAL_CODE	64	YES	STRING
OB_00030.V_L0TMS__TB_GTM_LOAD_OS	OB_00030	V_L0TMS__TB_GTM_LOAD_OS	BILL_TO_COUNTRY_CODE	65	YES	STRING
OB_00030.V_L0TMS__TB_GTM_LOAD_OS	OB_00030	V_L0TMS__TB_GTM_LOAD_OS	BILL_TO_FAX_NO	66	YES	STRING
OB_00030.V_L0TMS__TB_GTM_LOAD_OS	OB_00030	V_L0TMS__TB_GTM_LOAD_OS	BIZ_REGISTER_NO	67	YES	STRING
OB_00030.V_L0TMS__TB_GTM_LOAD_OS	OB_00030	V_L0TMS__TB_GTM_LOAD_OS	SHIP_TO_CUSTOMER_CODE	68	YES	STRING
OB_00030.V_L0TMS__TB_GTM_LOAD_OS	OB_00030	V_L0TMS__TB_GTM_LOAD_OS	SHIP_TO_FULL_NAME	69	YES	STRING
OB_00030.V_L0TMS__TB_GTM_LOAD_OS	OB_00030	V_L0TMS__TB_GTM_LOAD_OS	SHIP_TO_STATE_CODE	70	YES	STRING
OB_00030.V_L0TMS__TB_GTM_LOAD_OS	OB_00030	V_L0TMS__TB_GTM_LOAD_OS	SHIP_TO_POSTAL_CODE	71	YES	STRING
OB_00030.V_L0TMS__TB_GTM_LOAD_OS	OB_00030	V_L0TMS__TB_GTM_LOAD_OS	SHIP_TO_COUNTRY_CODE	72	YES	STRING
OB_00030.V_L0TMS__TB_GTM_LOAD_OS	OB_00030	V_L0TMS__TB_GTM_LOAD_OS	SHIP_TO_FAX_NO	73	YES	STRING
OB_00030.V_L0TMS__TB_GTM_LOAD_OS	OB_00030	V_L0TMS__TB_GTM_LOAD_OS	CONSIGNEE_NAME	74	YES	STRING
OB_00030.V_L0TMS__TB_GTM_LOAD_OS	OB_00030	V_L0TMS__TB_GTM_LOAD_OS	CONSIGNEE_STATE_CODE	75	YES	STRING
OB_00030.V_L0TMS__TB_GTM_LOAD_OS	OB_00030	V_L0TMS__TB_GTM_LOAD_OS	CONSIGNEE_POSTAL_CODE	76	YES	STRING
OB_00030.V_L0TMS__TB_GTM_LOAD_OS	OB_00030	V_L0TMS__TB_GTM_LOAD_OS	PICKING_COMMENT	77	YES	STRING
OB_00030.V_L0TMS__TB_GTM_LOAD_OS	OB_00030	V_L0TMS__TB_GTM_LOAD_OS	SHIPPING_COMMENT	78	YES	STRING
OB_00030.V_L0TMS__TB_GTM_LOAD_OS	OB_00030	V_L0TMS__TB_GTM_LOAD_OS	PARTIAL_SHP_ABLE_YN	79	YES	STRING
OB_00030.V_L0TMS__TB_GTM_LOAD_OS	OB_00030	V_L0TMS__TB_GTM_LOAD_OS	EDI_CUST_DEPT_CODE	80	YES	STRING
OB_00030.V_L0TMS__TB_GTM_LOAD_OS	OB_00030	V_L0TMS__TB_GTM_LOAD_OS	EDI_CUST_DIV_CODE	81	YES	STRING
OB_00030.V_L0TMS__TB_GTM_LOAD_OS	OB_00030	V_L0TMS__TB_GTM_LOAD_OS	UCC_LABEL_USE_FLAG	82	YES	STRING
OB_00030.V_L0TMS__TB_GTM_LOAD_OS	OB_00030	V_L0TMS__TB_GTM_LOAD_OS	LABEL_CONSIGNEE_NAME	83	YES	STRING
OB_00030.V_L0TMS__TB_GTM_LOAD_OS	OB_00030	V_L0TMS__TB_GTM_LOAD_OS	LABEL_CONSIGNEE_POSTAL_CODE	84	YES	STRING
OB_00030.V_L0TMS__TB_GTM_LOAD_OS	OB_00030	V_L0TMS__TB_GTM_LOAD_OS	ATTRIBUTE1	85	YES	STRING
OB_00030.V_L0TMS__TB_GTM_LOAD_OS	OB_00030	V_L0TMS__TB_GTM_LOAD_OS	ATTRIBUTE2	86	YES	STRING
OB_00030.V_L0TMS__TB_GTM_LOAD_OS	OB_00030	V_L0TMS__TB_GTM_LOAD_OS	ATTRIBUTE3	87	YES	STRING
OB_00030.V_L0TMS__TB_GTM_LOAD_OS	OB_00030	V_L0TMS__TB_GTM_LOAD_OS	ATTRIBUTE4	88	YES	STRING
OB_00030.V_L0TMS__TB_GTM_LOAD_OS	OB_00030	V_L0TMS__TB_GTM_LOAD_OS	ATTRIBUTE5	89	YES	STRING
OB_00030.V_L0TMS__TB_GTM_LOAD_OS	OB_00030	V_L0TMS__TB_GTM_LOAD_OS	ATTRIBUTE6	90	YES	STRING
OB_00030.V_L0TMS__TB_GTM_LOAD_OS	OB_00030	V_L0TMS__TB_GTM_LOAD_OS	ATTRIBUTE7	91	YES	STRING
OB_00030.V_L0TMS__TB_GTM_LOAD_OS	OB_00030	V_L0TMS__TB_GTM_LOAD_OS	ATTRIBUTE8	92	YES	STRING
OB_00030.V_L0TMS__TB_GTM_LOAD_OS	OB_00030	V_L0TMS__TB_GTM_LOAD_OS	ATTRIBUTE9	93	YES	STRING
OB_00030.V_L0TMS__TB_GTM_LOAD_OS	OB_00030	V_L0TMS__TB_GTM_LOAD_OS	ATTRIBUTE10	94	YES	STRING
OB_00030.V_L0TMS__TB_GTM_LOAD_OS	OB_00030	V_L0TMS__TB_GTM_LOAD_OS	ATTRIBUTE11	95	YES	STRING
OB_00030.V_L0TMS__TB_GTM_LOAD_OS	OB_00030	V_L0TMS__TB_GTM_LOAD_OS	ATTRIBUTE12	96	YES	STRING
OB_00030.V_L0TMS__TB_GTM_LOAD_OS	OB_00030	V_L0TMS__TB_GTM_LOAD_OS	ATTRIBUTE13	97	YES	STRING
OB_00030.V_L0TMS__TB_GTM_LOAD_OS	OB_00030	V_L0TMS__TB_GTM_LOAD_OS	ATTRIBUTE14	98	YES	STRING
OB_00030.V_L0TMS__TB_GTM_LOAD_OS	OB_00030	V_L0TMS__TB_GTM_LOAD_OS	ATTRIBUTE15	99	YES	STRING
OB_00030.V_L0TMS__TB_GTM_LOAD_OS	OB_00030	V_L0TMS__TB_GTM_LOAD_OS	ATTRIBUTE16	100	YES	STRING
OB_00030.V_L0TMS__TB_GTM_LOAD_OS	OB_00030	V_L0TMS__TB_GTM_LOAD_OS	ATTRIBUTE17	101	YES	STRING
OB_00030.V_L0TMS__TB_GTM_LOAD_OS	OB_00030	V_L0TMS__TB_GTM_LOAD_OS	ATTRIBUTE18	102	YES	STRING
OB_00030.V_L0TMS__TB_GTM_LOAD_OS	OB_00030	V_L0TMS__TB_GTM_LOAD_OS	ATTRIBUTE19	103	YES	STRING
OB_00030.V_L0TMS__TB_GTM_LOAD_OS	OB_00030	V_L0TMS__TB_GTM_LOAD_OS	ATTRIBUTE20	104	YES	STRING
OB_00030.V_L0TMS__TB_GTM_LOAD_OS	OB_00030	V_L0TMS__TB_GTM_LOAD_OS	ATTRIBUTE21	105	YES	STRING
OB_00030.V_L0TMS__TB_GTM_LOAD_OS	OB_00030	V_L0TMS__TB_GTM_LOAD_OS	ATTRIBUTE22	106	YES	STRING
OB_00030.V_L0TMS__TB_GTM_LOAD_OS	OB_00030	V_L0TMS__TB_GTM_LOAD_OS	ATTRIBUTE23	107	YES	STRING
OB_00030.V_L0TMS__TB_GTM_LOAD_OS	OB_00030	V_L0TMS__TB_GTM_LOAD_OS	ATTRIBUTE24	108	YES	STRING
OB_00030.V_L0TMS__TB_GTM_LOAD_OS	OB_00030	V_L0TMS__TB_GTM_LOAD_OS	ATTRIBUTE25	109	YES	STRING
OB_00030.V_L0TMS__TB_GTM_LOAD_OS	OB_00030	V_L0TMS__TB_GTM_LOAD_OS	ATTRIBUTE26	110	YES	STRING
OB_00030.V_L0TMS__TB_GTM_LOAD_OS	OB_00030	V_L0TMS__TB_GTM_LOAD_OS	ATTRIBUTE27	111	YES	STRING
OB_00030.V_L0TMS__TB_GTM_LOAD_OS	OB_00030	V_L0TMS__TB_GTM_LOAD_OS	ATTRIBUTE28	112	YES	STRING
OB_00030.V_L0TMS__TB_GTM_LOAD_OS	OB_00030	V_L0TMS__TB_GTM_LOAD_OS	ATTRIBUTE29	113	YES	STRING
OB_00030.V_L0TMS__TB_GTM_LOAD_OS	OB_00030	V_L0TMS__TB_GTM_LOAD_OS	ATTRIBUTE30	114	YES	STRING
OB_00030.V_L0TMS__TB_GTM_LOAD_OS	OB_00030	V_L0TMS__TB_GTM_LOAD_OS	CREATION_DATE	115	YES	DATETIME
OB_00030.V_L0TMS__TB_GTM_LOAD_OS	OB_00030	V_L0TMS__TB_GTM_LOAD_OS	CREATION_USER_ID	116	YES	STRING
OB_00030.V_L0TMS__TB_GTM_LOAD_OS	OB_00030	V_L0TMS__TB_GTM_LOAD_OS	LAST_UPDATE_DATE	117	YES	DATETIME
OB_00030.V_L0TMS__TB_GTM_LOAD_OS	OB_00030	V_L0TMS__TB_GTM_LOAD_OS	LAST_UPDATE_USER_ID	118	YES	STRING
OB_00030.V_L0TMS__TB_GTM_LOAD_OS	OB_00030	V_L0TMS__TB_GTM_LOAD_OS	AFFILIATE_CODE	119	YES	STRING
OB_00030.V_L0TMS__TB_GTM_LOAD_OS	OB_00030	V_L0TMS__TB_GTM_LOAD_OS	SOURCE_CODE	120	YES	STRING
OB_00030.V_L0TMS__TB_GTM_LOAD_OS	OB_00030	V_L0TMS__TB_GTM_LOAD_OS	WMS_SYS_TYPE	121	YES	STRING
OB_00030.V_L0TMS__TB_GTM_LOAD_OS	OB_00030	V_L0TMS__TB_GTM_LOAD_OS	DELIVERY_TYPE_CODE	122	YES	STRING
OB_00030.V_L0TMS__TB_GTM_LOAD_OS	OB_00030	V_L0TMS__TB_GTM_LOAD_OS	DOCK_NO	123	YES	STRING
OB_00030.V_L0TMS__TB_GTM_LOAD_OS	OB_00030	V_L0TMS__TB_GTM_LOAD_OS	LOAD_AT	124	YES	STRING
OB_00030.V_L0TMS__TB_GTM_LOAD_OS	OB_00030	V_L0TMS__TB_GTM_LOAD_OS	TMS_PRCS_DATE	125	YES	DATETIME
OB_00030.V_L0TMS__TB_GTM_LOAD_OS	OB_00030	V_L0TMS__TB_GTM_LOAD_OS	TMS_PRCS_MSG	126	YES	STRING
OB_00030.V_L0TMS__TB_GTM_LOAD_OS	OB_00030	V_L0TMS__TB_GTM_LOAD_OS	WMS_ORDER_NO	127	YES	STRING
OB_00030.V_L0TMS__TB_GTM_LOAD_OS	OB_00030	V_L0TMS__TB_GTM_LOAD_OS	WMS_ORDER_SEQ_NO	128	YES	NUMERIC
OB_00030.V_L0TMS__TB_GTM_LOAD_OS	OB_00030	V_L0TMS__TB_GTM_LOAD_OS	CONCURRENCY_SHIPPING_FLAG	129	YES	STRING
OB_00030.V_L0TMS__TB_GTM_LOAD_OS	OB_00030	V_L0TMS__TB_GTM_LOAD_OS	SHIP_SET_ID	130	YES	NUMERIC
OB_00030.V_L0TMS__TB_GTM_LOAD_OS	OB_00030	V_L0TMS__TB_GTM_LOAD_OS	ORDER_TYPE_NAME	131	YES	STRING
OB_00030.V_L0TMS__TB_GTM_LOAD_OS	OB_00030	V_L0TMS__TB_GTM_LOAD_OS	SCHEDULE_SHIPMENT_DATE	132	YES	DATETIME
OB_00030.V_L0TMS__TB_GTM_LOAD_OS	OB_00030	V_L0TMS__TB_GTM_LOAD_OS	HEIGHT_SIZE	133	YES	NUMERIC
OB_00030.V_L0TMS__TB_GTM_LOAD_OS	OB_00030	V_L0TMS__TB_GTM_LOAD_OS	SHIPMENT_PRIORITY_CODE	134	YES	STRING
OB_00030.V_L0TMS__TB_GTM_LOAD_OS	OB_00030	V_L0TMS__TB_GTM_LOAD_OS	SHIPPING_METHOD_CODE	135	YES	STRING
OB_00030.V_L0TMS__TB_GTM_LOAD_OS	OB_00030	V_L0TMS__TB_GTM_LOAD_OS	CURRENCY_CODE	136	YES	STRING
OB_00030.V_L0TMS__TB_GTM_LOAD_OS	OB_00030	V_L0TMS__TB_GTM_LOAD_OS	FREIGHT_TERMS_CODE	137	YES	STRING
OB_00030.V_L0TMS__TB_GTM_LOAD_OS	OB_00030	V_L0TMS__TB_GTM_LOAD_OS	CONSIGNEE_NUMBER	138	YES	STRING
OB_00030.V_L0TMS__TB_GTM_LOAD_OS	OB_00030	V_L0TMS__TB_GTM_LOAD_OS	LOAD_REMARK	139	YES	STRING
OB_00030.V_L0TMS__TB_GTM_LOAD_OS	OB_00030	V_L0TMS__TB_GTM_LOAD_OS	UNIT_WEIGHT	140	YES	NUMERIC
OB_00030.V_L0TMS__TB_GTM_LOAD_OS	OB_00030	V_L0TMS__TB_GTM_LOAD_OS	INVOICE_COMMENT	141	YES	STRING
OB_00030.V_L0TMS__TB_GTM_LOAD_OS	OB_00030	V_L0TMS__TB_GTM_LOAD_OS	FREIGHT_TERM_CODE	142	YES	STRING
OB_00030.V_L0TMS__TB_GTM_LOAD_OS	OB_00030	V_L0TMS__TB_GTM_LOAD_OS	APPOINTMENT_REMARK	143	YES	STRING
OB_00030.V_L0TMS__TB_GTM_LOAD_OS	OB_00030	V_L0TMS__TB_GTM_LOAD_OS	SERVICE_LEVEL	144	YES	STRING
OB_00030.V_L0TMS__TB_GTM_LOAD_OS	OB_00030	V_L0TMS__TB_GTM_LOAD_OS	INVO_NO	145	YES	STRING
OB_00030.V_L0TMS__TB_GTM_LOAD_OS	OB_00030	V_L0TMS__TB_GTM_LOAD_OS	INVO_DATE	146	YES	DATETIME
OB_00030.V_L0TMS__TB_GTM_LOAD_OS	OB_00030	V_L0TMS__TB_GTM_LOAD_OS	LGE_DELIVERY_FLAG	147	YES	STRING
OB_00030.V_L0TMS__TB_GTM_LOAD_OS	OB_00030	V_L0TMS__TB_GTM_LOAD_OS	PACKAGE_MODEL_CODE	148	YES	STRING
OB_00030.V_L0TMS__TB_GTM_LOAD_OS	OB_00030	V_L0TMS__TB_GTM_LOAD_OS	UNIT_SELLING_PRICE	149	YES	NUMERIC
OB_00030.V_L0TMS__TB_GTM_LOAD_OS	OB_00030	V_L0TMS__TB_GTM_LOAD_OS	CUST_EDI_PARTNER_ID	150	YES	STRING
OB_00030.V_L0TMS__TB_GTM_LOAD_OS	OB_00030	V_L0TMS__TB_GTM_LOAD_OS	MESSAGE_FUNCTION_CODE	151	YES	STRING
OB_00030.V_L0TMS__TB_GTM_LOAD_OS	OB_00030	V_L0TMS__TB_GTM_LOAD_OS	CUST_EDI_INTERFACE_DATE	152	YES	DATETIME
OB_00030.V_L0TMS__TB_GTM_LOAD_OS	OB_00030	V_L0TMS__TB_GTM_LOAD_OS	CUST_EDI_ENVELOPE_NO	153	YES	STRING
OB_00030.V_L0TMS__TB_GTM_LOAD_OS	OB_00030	V_L0TMS__TB_GTM_LOAD_OS	CUST_EDI_GROUP_NO	154	YES	STRING
OB_00030.V_L0TMS__TB_GTM_LOAD_OS	OB_00030	V_L0TMS__TB_GTM_LOAD_OS	CUST_EDI_TRANSACTION_NO	155	YES	STRING
OB_00030.V_L0TMS__TB_GTM_LOAD_OS	OB_00030	V_L0TMS__TB_GTM_LOAD_OS	SUPPLIER_EAN_CODE	156	YES	STRING
OB_00030.V_L0TMS__TB_GTM_LOAD_OS	OB_00030	V_L0TMS__TB_GTM_LOAD_OS	ORDER_TYPE_CODE	157	YES	STRING
OB_00030.V_L0TMS__TB_GTM_LOAD_OS	OB_00030	V_L0TMS__TB_GTM_LOAD_OS	CUST_ORDER_NO	158	YES	STRING
OB_00030.V_L0TMS__TB_GTM_LOAD_OS	OB_00030	V_L0TMS__TB_GTM_LOAD_OS	CUST_ORDER_DATE	159	YES	DATETIME
OB_00030.V_L0TMS__TB_GTM_LOAD_OS	OB_00030	V_L0TMS__TB_GTM_LOAD_OS	REQUEST_DELIVERY_FROM_YYYYMMDD	160	YES	STRING
OB_00030.V_L0TMS__TB_GTM_LOAD_OS	OB_00030	V_L0TMS__TB_GTM_LOAD_OS	REQUEST_DELIVERY_TO_YYYYMMDD	161	YES	STRING
OB_00030.V_L0TMS__TB_GTM_LOAD_OS	OB_00030	V_L0TMS__TB_GTM_LOAD_OS	ADVERTISE_YYYYMMDD	162	YES	STRING
OB_00030.V_L0TMS__TB_GTM_LOAD_OS	OB_00030	V_L0TMS__TB_GTM_LOAD_OS	DEAL_NO	163	YES	STRING
OB_00030.V_L0TMS__TB_GTM_LOAD_OS	OB_00030	V_L0TMS__TB_GTM_LOAD_OS	CUST_BUYER_CODE	164	YES	STRING
OB_00030.V_L0TMS__TB_GTM_LOAD_OS	OB_00030	V_L0TMS__TB_GTM_LOAD_OS	CUST_SHIP_TO_CODE	165	YES	STRING
OB_00030.V_L0TMS__TB_GTM_LOAD_OS	OB_00030	V_L0TMS__TB_GTM_LOAD_OS	CUSTOMER_ORDER_LINE_NO	166	YES	NUMERIC
OB_00030.V_L0TMS__TB_GTM_LOAD_OS	OB_00030	V_L0TMS__TB_GTM_LOAD_OS	UNIVERSAL_PRODUCT_CODE	167	YES	STRING
OB_00030.V_L0TMS__TB_GTM_LOAD_OS	OB_00030	V_L0TMS__TB_GTM_LOAD_OS	CUST_MODEL_EAN_CODE	168	YES	STRING
OB_00030.V_L0TMS__TB_GTM_LOAD_OS	OB_00030	V_L0TMS__TB_GTM_LOAD_OS	CUST_UOM_CODE	169	YES	STRING
OB_00030.V_L0TMS__TB_GTM_LOAD_OS	OB_00030	V_L0TMS__TB_GTM_LOAD_OS	CUST_UNIT_PRICE_CODE	170	YES	STRING
OB_00030.V_L0TMS__TB_GTM_LOAD_OS	OB_00030	V_L0TMS__TB_GTM_LOAD_OS	CUST_UNIT_NET_PRICE	171	YES	NUMERIC
OB_00030.V_L0TMS__TB_GTM_LOAD_OS	OB_00030	V_L0TMS__TB_GTM_LOAD_OS	CUST_ORDER_QTY	172	YES	NUMERIC
OB_00030.V_L0TMS__TB_GTM_LOAD_OS	OB_00030	V_L0TMS__TB_GTM_LOAD_OS	CUSTOMER_ITEM_CODE	173	YES	STRING
OB_00030.V_L0TMS__TB_GTM_LOAD_OS	OB_00030	V_L0TMS__TB_GTM_LOAD_OS	CUST_RETAIL_PRICE	174	YES	NUMERIC
OB_00030.V_L0TMS__TB_GTM_LOAD_OS	OB_00030	V_L0TMS__TB_GTM_LOAD_OS	IOD_CLOSE_YN	175	YES	STRING
OB_00030.V_L0TMS__TB_GTM_LOAD_OS	OB_00030	V_L0TMS__TB_GTM_LOAD_OS	ADD_CARALLOC_NO	176	YES	STRING
OB_00030.V_L0TMS__TB_GTM_LOAD_OS	OB_00030	V_L0TMS__TB_GTM_LOAD_OS	ATTRIBUTE31	177	YES	STRING
OB_00030.V_L0TMS__TB_GTM_LOAD_OS	OB_00030	V_L0TMS__TB_GTM_LOAD_OS	ATTRIBUTE32	178	YES	STRING
OB_00030.V_L0TMS__TB_GTM_LOAD_OS	OB_00030	V_L0TMS__TB_GTM_LOAD_OS	ATTRIBUTE33	179	YES	STRING
OB_00030.V_L0TMS__TB_GTM_LOAD_OS	OB_00030	V_L0TMS__TB_GTM_LOAD_OS	ATTRIBUTE34	180	YES	STRING
OB_00030.V_L0TMS__TB_GTM_LOAD_OS	OB_00030	V_L0TMS__TB_GTM_LOAD_OS	ATTRIBUTE35	181	YES	STRING
OB_00030.V_L0TMS__TB_GTM_LOAD_OS	OB_00030	V_L0TMS__TB_GTM_LOAD_OS	ATTRIBUTE36	182	YES	STRING
OB_00030.V_L0TMS__TB_GTM_LOAD_OS	OB_00030	V_L0TMS__TB_GTM_LOAD_OS	ATTRIBUTE37	183	YES	STRING
OB_00030.V_L0TMS__TB_GTM_LOAD_OS	OB_00030	V_L0TMS__TB_GTM_LOAD_OS	ATTRIBUTE38	184	YES	STRING
OB_00030.V_L0TMS__TB_GTM_LOAD_OS	OB_00030	V_L0TMS__TB_GTM_LOAD_OS	ATTRIBUTE39	185	YES	STRING
OB_00030.V_L0TMS__TB_GTM_LOAD_OS	OB_00030	V_L0TMS__TB_GTM_LOAD_OS	ATTRIBUTE40	186	YES	STRING
OB_00030.V_L0TMS__TB_GTM_LOAD_OS	OB_00030	V_L0TMS__TB_GTM_LOAD_OS	CONFIRM_YN	187	YES	STRING
OB_00030.V_L0TMS__TB_GTM_LOAD_OS	OB_00030	V_L0TMS__TB_GTM_LOAD_OS	HILOS_NEW_CARALLOC_YN	188	YES	STRING
OB_00030.V_L0TMS__TB_GTM_LOAD_OS	OB_00030	V_L0TMS__TB_GTM_LOAD_OS	ORIGIN_SHP_STATUS_TYPE	189	YES	STRING
OB_00030.V_L0TMS__TB_GTM_LOAD_OS	OB_00030	V_L0TMS__TB_GTM_LOAD_OS	LOAD_GROUP_NO	190	YES	STRING
OB_00030.V_L0TMS__TB_GTM_LOAD_OS	OB_00030	V_L0TMS__TB_GTM_LOAD_OS	FOB_POINT_CODE	191	YES	STRING
OB_00030.V_L0TMS__TB_GTM_LOAD_OS	OB_00030	V_L0TMS__TB_GTM_LOAD_OS	PACKAGE_EAN_CODE	192	YES	STRING
OB_00030.V_L0TMS__TB_GTM_LOAD_OS	OB_00030	V_L0TMS__TB_GTM_LOAD_OS	PACKAGE_FLAG	193	YES	STRING
OB_00030.V_L0TMS__TB_GTM_LOAD_OS	OB_00030	V_L0TMS__TB_GTM_LOAD_OS	HUB_SHIP_TO_CUSTOMER_CODE	194	YES	STRING
OB_00030.V_L0TMS__TB_GTM_LOAD_OS	OB_00030	V_L0TMS__TB_GTM_LOAD_OS	HUB_SHIP_TO_FULL_NAME	195	YES	STRING
OB_00030.V_L0TMS__TB_GTM_LOAD_OS	OB_00030	V_L0TMS__TB_GTM_LOAD_OS	HUB_SHIP_TO_STATE_CODE	196	YES	STRING
OB_00030.V_L0TMS__TB_GTM_LOAD_OS	OB_00030	V_L0TMS__TB_GTM_LOAD_OS	HUB_SHIP_TO_POSTAL_CODE	197	YES	STRING
OB_00030.V_L0TMS__TB_GTM_LOAD_OS	OB_00030	V_L0TMS__TB_GTM_LOAD_OS	HUB_SHIP_TO_COUNTRY_CODE	198	YES	STRING
OB_00030.V_L0TMS__TB_GTM_LOAD_OS	OB_00030	V_L0TMS__TB_GTM_LOAD_OS	HUB_SHIP_TO_FAX_NO	199	YES	STRING
OB_00030.V_L0TMS__TB_GTM_LOAD_OS	OB_00030	V_L0TMS__TB_GTM_LOAD_OS	HQ_INVO_NO	200	YES	STRING
OB_00030.V_L0TMS__TB_GTM_LOAD_OS	OB_00030	V_L0TMS__TB_GTM_LOAD_OS	PLATFORM_INFORMATION	201	YES	STRING
OB_00030.V_L0TMS__TB_GTM_LOAD_OS	OB_00030	V_L0TMS__TB_GTM_LOAD_OS	LABEL_UNIT	202	YES	NUMERIC
OB_00030.V_L0TMS__TB_GTM_LOAD_OS	OB_00030	V_L0TMS__TB_GTM_LOAD_OS	SHIP_TO_BIZ_REGISTER_NO	203	YES	STRING
OB_00030.V_L0TMS__TB_GTM_LOAD_OS	OB_00030	V_L0TMS__TB_GTM_LOAD_OS	SHIP_TO_TAX_OFFICE_ID	204	YES	STRING
OB_00030.V_L0TMS__TB_GTM_LOAD_OS	OB_00030	V_L0TMS__TB_GTM_LOAD_OS	SHIP_TO_BIZ_TYPE	205	YES	STRING
OB_00030.V_L0TMS__TB_GTM_LOAD_OS	OB_00030	V_L0TMS__TB_GTM_LOAD_OS	BILL_TO_TAX_OFFICE_ID	206	YES	STRING
OB_00030.V_L0TMS__TB_GTM_LOAD_OS	OB_00030	V_L0TMS__TB_GTM_LOAD_OS	BILL_TO_BIZ_TYPE	207	YES	STRING
OB_00030.V_L0TMS__TB_GTM_LOAD_OS	OB_00030	V_L0TMS__TB_GTM_LOAD_OS	CONSIGNEE_BIZ_REGISTER_NO	208	YES	STRING
OB_00030.V_L0TMS__TB_GTM_LOAD_OS	OB_00030	V_L0TMS__TB_GTM_LOAD_OS	CONSIGNEE_TAX_OFFICE_ID	209	YES	STRING
OB_00030.V_L0TMS__TB_GTM_LOAD_OS	OB_00030	V_L0TMS__TB_GTM_LOAD_OS	CONSIGNEE_BIZ_TYPE	210	YES	STRING
OB_00030.V_L0TMS__TB_GTM_LOAD_OS	OB_00030	V_L0TMS__TB_GTM_LOAD_OS	GLN_CODE	211	YES	STRING
OB_00030.V_L0TMS__TB_GTM_LOAD_OS	OB_00030	V_L0TMS__TB_GTM_LOAD_OS	BEX_NO	212	YES	STRING
OB_00030.V_L0TMS__TB_GTM_LOAD_OS	OB_00030	V_L0TMS__TB_GTM_LOAD_OS	MULTI_DROP_FLAG	213	YES	STRING
OB_00030.V_L0TMS__TB_GTM_LOAD_OS	OB_00030	V_L0TMS__TB_GTM_LOAD_OS	EQUIPMENT_TYPE	214	YES	STRING
OB_00030.V_L0TMS__TB_GTM_LOAD_OS	OB_00030	V_L0TMS__TB_GTM_LOAD_OS	CARRIER_LOAD_SEQ_NO	215	YES	STRING
OB_00030.V_L0TMS__TDR_REQ_T_OS	OB_00030	V_L0TMS__TDR_REQ_T_OS	P_PTT	1	YES	DATE
OB_00030.V_L0TMS__TDR_REQ_T_OS	OB_00030	V_L0TMS__TDR_REQ_T_OS	ETL_LOAD_TS	2	YES	TIMESTAMP
OB_00030.V_L0TMS__TDR_REQ_T_OS	OB_00030	V_L0TMS__TDR_REQ_T_OS	TDR_REQ_ID	3	YES	INT64
OB_00030.V_L0TMS__TDR_REQ_T_OS	OB_00030	V_L0TMS__TDR_REQ_T_OS	OPT_LCK	4	YES	INT64
OB_00030.V_L0TMS__TDR_REQ_T_OS	OB_00030	V_L0TMS__TDR_REQ_T_OS	CARR_CD	5	YES	STRING
OB_00030.V_L0TMS__TDR_REQ_T_OS	OB_00030	V_L0TMS__TDR_REQ_T_OS	CDTY_CD	6	YES	STRING
OB_00030.V_L0TMS__TDR_REQ_T_OS	OB_00030	V_L0TMS__TDR_REQ_T_OS	CPLT_YN	7	YES	STRING
OB_00030.V_L0TMS__TDR_REQ_T_OS	OB_00030	V_L0TMS__TDR_REQ_T_OS	CRTD_DTT	8	YES	DATETIME
OB_00030.V_L0TMS__TDR_REQ_T_OS	OB_00030	V_L0TMS__TDR_REQ_T_OS	CRTD_USR_CD	9	YES	STRING
OB_00030.V_L0TMS__TDR_REQ_T_OS	OB_00030	V_L0TMS__TDR_REQ_T_OS	DIV_CD	10	YES	STRING
OB_00030.V_L0TMS__TDR_REQ_T_OS	OB_00030	V_L0TMS__TDR_REQ_T_OS	DMCL_CD_TRCTR	11	YES	STRING
OB_00030.V_L0TMS__TDR_REQ_T_OS	OB_00030	V_L0TMS__TDR_REQ_T_OS	DMCL_CD_TRLR	12	YES	STRING
OB_00030.V_L0TMS__TDR_REQ_T_OS	OB_00030	V_L0TMS__TDR_REQ_T_OS	END_DTT	13	YES	DATETIME
OB_00030.V_L0TMS__TDR_REQ_T_OS	OB_00030	V_L0TMS__TDR_REQ_T_OS	EQMT_TYP_TRCTR	14	YES	STRING
OB_00030.V_L0TMS__TDR_REQ_T_OS	OB_00030	V_L0TMS__TDR_REQ_T_OS	EQMT_TYP_TRLR	15	YES	STRING
OB_00030.V_L0TMS__TDR_REQ_T_OS	OB_00030	V_L0TMS__TDR_REQ_T_OS	FRST_CTRY_CD	16	YES	STRING
OB_00030.V_L0TMS__TDR_REQ_T_OS	OB_00030	V_L0TMS__TDR_REQ_T_OS	FRST_CTY_NAME	17	YES	STRING
OB_00030.V_L0TMS__TDR_REQ_T_OS	OB_00030	V_L0TMS__TDR_REQ_T_OS	FRST_PSTL_CD	18	YES	STRING
OB_00030.V_L0TMS__TDR_REQ_T_OS	OB_00030	V_L0TMS__TDR_REQ_T_OS	FRST_SHPG_LOC_CD	19	YES	STRING
OB_00030.V_L0TMS__TDR_REQ_T_OS	OB_00030	V_L0TMS__TDR_REQ_T_OS	FRST_SHPG_LOC_NAME	20	YES	STRING
OB_00030.V_L0TMS__TDR_REQ_T_OS	OB_00030	V_L0TMS__TDR_REQ_T_OS	FRST_SHPGPNT_ENU	21	YES	NUMERIC
OB_00030.V_L0TMS__TDR_REQ_T_OS	OB_00030	V_L0TMS__TDR_REQ_T_OS	FRST_STA_CD	22	YES	STRING
OB_00030.V_L0TMS__TDR_REQ_T_OS	OB_00030	V_L0TMS__TDR_REQ_T_OS	LAST_CTRY_CD	23	YES	STRING
OB_00030.V_L0TMS__TDR_REQ_T_OS	OB_00030	V_L0TMS__TDR_REQ_T_OS	LAST_CTY_NAME	24	YES	STRING
OB_00030.V_L0TMS__TDR_REQ_T_OS	OB_00030	V_L0TMS__TDR_REQ_T_OS	LAST_PSTL_CD	25	YES	STRING
OB_00030.V_L0TMS__TDR_REQ_T_OS	OB_00030	V_L0TMS__TDR_REQ_T_OS	LAST_SHPG_LOC_CD	26	YES	STRING
OB_00030.V_L0TMS__TDR_REQ_T_OS	OB_00030	V_L0TMS__TDR_REQ_T_OS	LAST_SHPG_LOC_NAME	27	YES	STRING
OB_00030.V_L0TMS__TDR_REQ_T_OS	OB_00030	V_L0TMS__TDR_REQ_T_OS	LAST_SHPGPNT_ENU	28	YES	NUMERIC
OB_00030.V_L0TMS__TDR_REQ_T_OS	OB_00030	V_L0TMS__TDR_REQ_T_OS	LAST_STA_CD	29	YES	STRING
OB_00030.V_L0TMS__TDR_REQ_T_OS	OB_00030	V_L0TMS__TDR_REQ_T_OS	LD_LEG_ID	30	YES	INT64
OB_00030.V_L0TMS__TDR_REQ_T_OS	OB_00030	V_L0TMS__TDR_REQ_T_OS	LGST_GRP_CD	31	YES	STRING
OB_00030.V_L0TMS__TDR_REQ_T_OS	OB_00030	V_L0TMS__TDR_REQ_T_OS	MAX_SCLD_WGT	32	YES	NUMERIC
OB_00030.V_L0TMS__TDR_REQ_T_OS	OB_00030	V_L0TMS__TDR_REQ_T_OS	MAX_VOL	33	YES	NUMERIC
OB_00030.V_L0TMS__TDR_REQ_T_OS	OB_00030	V_L0TMS__TDR_REQ_T_OS	REQ_STAT_ENU	34	YES	NUMERIC
OB_00030.V_L0TMS__TDR_REQ_T_OS	OB_00030	V_L0TMS__TDR_REQ_T_OS	REQ_UPDT_SEC_CD	35	YES	STRING
OB_00030.V_L0TMS__TDR_REQ_T_OS	OB_00030	V_L0TMS__TDR_REQ_T_OS	RSPS_SEC_CD	36	YES	STRING
OB_00030.V_L0TMS__TDR_REQ_T_OS	OB_00030	V_L0TMS__TDR_REQ_T_OS	SRVC_CD	37	YES	STRING
OB_00030.V_L0TMS__TDR_REQ_T_OS	OB_00030	V_L0TMS__TDR_REQ_T_OS	STRD_DTT	38	YES	DATETIME
OB_00030.V_L0TMS__TDR_REQ_T_OS	OB_00030	V_L0TMS__TDR_REQ_T_OS	TDR_ACPD_BY_NAME	39	YES	STRING
OB_00030.V_L0TMS__TDR_REQ_T_OS	OB_00030	V_L0TMS__TDR_REQ_T_OS	TDR_RSPS_BY_DTT	40	YES	DATETIME
OB_00030.V_L0TMS__TDR_REQ_T_OS	OB_00030	V_L0TMS__TDR_REQ_T_OS	TDR_UPDT_DTT	41	YES	DATETIME
OB_00030.V_L0TMS__TDR_REQ_T_OS	OB_00030	V_L0TMS__TDR_REQ_T_OS	TOT_DIST	42	YES	NUMERIC
OB_00030.V_L0TMS__TDR_REQ_T_OS	OB_00030	V_L0TMS__TDR_REQ_T_OS	TOT_LD_LEG	43	YES	NUMERIC
OB_00030.V_L0TMS__TDR_REQ_T_OS	OB_00030	V_L0TMS__TDR_REQ_T_OS	TRIP_ID	44	YES	INT64
OB_00030.V_L0TMS__TDR_REQ_T_OS	OB_00030	V_L0TMS__TDR_REQ_T_OS	UPDT_DTT	45	YES	DATETIME
OB_00030.V_L0TMS__TDR_REQ_T_OS	OB_00030	V_L0TMS__TDR_REQ_T_OS	UPDT_USR_CD	46	YES	STRING
OB_00030.V_L0TMS__TB_GTM_LOADADJUST_REQUEST_OS	OB_00030	V_L0TMS__TB_GTM_LOADADJUST_REQUEST_OS	ETL_LOAD_TS	1	YES	TIMESTAMP
OB_00030.V_L0TMS__TB_GTM_LOADADJUST_REQUEST_OS	OB_00030	V_L0TMS__TB_GTM_LOADADJUST_REQUEST_OS	REQUEST_ID	2	YES	NUMERIC
OB_00030.V_L0TMS__TB_GTM_LOADADJUST_REQUEST_OS	OB_00030	V_L0TMS__TB_GTM_LOADADJUST_REQUEST_OS	REQUEST_TYPE	3	YES	STRING
OB_00030.V_L0TMS__TB_GTM_LOADADJUST_REQUEST_OS	OB_00030	V_L0TMS__TB_GTM_LOADADJUST_REQUEST_OS	LOAD_ID	4	YES	NUMERIC
OB_00030.V_L0TMS__TB_GTM_LOADADJUST_REQUEST_OS	OB_00030	V_L0TMS__TB_GTM_LOADADJUST_REQUEST_OS	TARIFF_ID	5	YES	STRING
OB_00030.V_L0TMS__TB_GTM_LOADADJUST_REQUEST_OS	OB_00030	V_L0TMS__TB_GTM_LOADADJUST_REQUEST_OS	CARRIER_CODE	6	YES	STRING
OB_00030.V_L0TMS__TB_GTM_LOADADJUST_REQUEST_OS	OB_00030	V_L0TMS__TB_GTM_LOADADJUST_REQUEST_OS	SERVICE_CODE	7	YES	STRING
OB_00030.V_L0TMS__TB_GTM_LOADADJUST_REQUEST_OS	OB_00030	V_L0TMS__TB_GTM_LOADADJUST_REQUEST_OS	VEHICLE_TYPE	8	YES	STRING
OB_00030.V_L0TMS__TB_GTM_LOADADJUST_REQUEST_OS	OB_00030	V_L0TMS__TB_GTM_LOADADJUST_REQUEST_OS	FREIGHT_COST	9	YES	NUMERIC
OB_00030.V_L0TMS__TB_GTM_LOADADJUST_REQUEST_OS	OB_00030	V_L0TMS__TB_GTM_LOADADJUST_REQUEST_OS	CHANGE_TARIFF_ID	10	YES	STRING
OB_00030.V_L0TMS__TB_GTM_LOADADJUST_REQUEST_OS	OB_00030	V_L0TMS__TB_GTM_LOADADJUST_REQUEST_OS	CHANGE_CARRIER_CODE	11	YES	STRING
OB_00030.V_L0TMS__TB_GTM_LOADADJUST_REQUEST_OS	OB_00030	V_L0TMS__TB_GTM_LOADADJUST_REQUEST_OS	CHANGE_SERVICE_CODE	12	YES	STRING
OB_00030.V_L0TMS__TB_GTM_LOADADJUST_REQUEST_OS	OB_00030	V_L0TMS__TB_GTM_LOADADJUST_REQUEST_OS	CHANGE_VEHICLE_TYPE	13	YES	STRING
OB_00030.V_L0TMS__TB_GTM_LOADADJUST_REQUEST_OS	OB_00030	V_L0TMS__TB_GTM_LOADADJUST_REQUEST_OS	CHANGE_FREIGHT_COST	14	YES	NUMERIC
OB_00030.V_L0TMS__TB_GTM_LOADADJUST_REQUEST_OS	OB_00030	V_L0TMS__TB_GTM_LOADADJUST_REQUEST_OS	CHANGE_REASON	15	YES	STRING
OB_00030.V_L0TMS__TB_GTM_LOADADJUST_REQUEST_OS	OB_00030	V_L0TMS__TB_GTM_LOADADJUST_REQUEST_OS	REQUEST_FLAG	16	YES	STRING
OB_00030.V_L0TMS__TB_GTM_LOADADJUST_REQUEST_OS	OB_00030	V_L0TMS__TB_GTM_LOADADJUST_REQUEST_OS	APPROVAL_FLAG	17	YES	STRING
OB_00030.V_L0TMS__TB_GTM_LOADADJUST_REQUEST_OS	OB_00030	V_L0TMS__TB_GTM_LOADADJUST_REQUEST_OS	LAST_UPDATE_DATE	18	YES	DATETIME
OB_00030.V_L0TMS__TB_GTM_LOADADJUST_REQUEST_OS	OB_00030	V_L0TMS__TB_GTM_LOADADJUST_REQUEST_OS	LAST_UPDATE_BY	19	YES	STRING
OB_00030.V_L0TMS__TB_GTM_LOADADJUST_REQUEST_OS	OB_00030	V_L0TMS__TB_GTM_LOADADJUST_REQUEST_OS	TMS_PRCS_FLAG	20	YES	STRING
OB_00030.V_L0TMS__TB_GTM_LOADADJUST_REQUEST_OS	OB_00030	V_L0TMS__TB_GTM_LOADADJUST_REQUEST_OS	TMS_PRCS_DATE	21	YES	DATETIME
OB_00030.V_L0TMS__TB_GTM_LOADADJUST_REQUEST_OS	OB_00030	V_L0TMS__TB_GTM_LOADADJUST_REQUEST_OS	SPOT_RATE_FLAG	22	YES	STRING
OB_00030.V_L0TMS__TB_GTM_LOADADJUST_REQUEST_OS	OB_00030	V_L0TMS__TB_GTM_LOADADJUST_REQUEST_OS	SECOND_LOAD_ID	23	YES	NUMERIC
OB_00030.V_L0TMS__TB_GTM_LOADADJUST_REQUEST_OS	OB_00030	V_L0TMS__TB_GTM_LOADADJUST_REQUEST_OS	TMS_PRCS_MSG	24	YES	STRING
OB_00030.V_L0TMS__TB_GTM_LOADADJUST_REQUEST_OS	OB_00030	V_L0TMS__TB_GTM_LOADADJUST_REQUEST_OS	ORI_EVIDENCE_FILE_NAME	25	YES	STRING
OB_00030.V_L0TMS__TB_GTM_LOADADJUST_REQUEST_OS	OB_00030	V_L0TMS__TB_GTM_LOADADJUST_REQUEST_OS	EVIDENCE_FILE_PATH	26	YES	STRING
OB_00030.V_L0TMS__TB_GTM_LOADADJUST_REQUEST_OS	OB_00030	V_L0TMS__TB_GTM_LOADADJUST_REQUEST_OS	EVIDENCE_FILE_NAME	27	YES	STRING
OB_00030.V_L0TMS__TB_GTM_LOADADJUST_REQUEST_OS	OB_00030	V_L0TMS__TB_GTM_LOADADJUST_REQUEST_OS	CHANGE_REASON_CATEGORY	28	YES	STRING
OB_00030.V_L0TMS__TB_GTM_LOADADJUST_REQUEST_OS	OB_00030	V_L0TMS__TB_GTM_LOADADJUST_REQUEST_OS	ARS_TMS_PRCS_FLAG	29	YES	STRING
OB_00030.V_L0TMS__TB_GTM_LOADADJUST_REQUEST_OS	OB_00030	V_L0TMS__TB_GTM_LOADADJUST_REQUEST_OS	ARS_TMS_PRCS_DATE	30	YES	DATETIME
OB_00030.V_L0TMS__TB_GTM_LOADADJUST_REQUEST_OS	OB_00030	V_L0TMS__TB_GTM_LOADADJUST_REQUEST_OS	ARS_TMS_PRCS_MSG	31	YES	STRING
OB_00030.V_L0TMS__TB_GTM_ORDERS_GERP_R_IF_OS	OB_00030	V_L0TMS__TB_GTM_ORDERS_GERP_R_IF_OS	P_PTT	1	YES	DATE
OB_00030.V_L0TMS__TB_GTM_ORDERS_GERP_R_IF_OS	OB_00030	V_L0TMS__TB_GTM_ORDERS_GERP_R_IF_OS	ETL_LOAD_TS	2	YES	TIMESTAMP
OB_00030.V_L0TMS__TB_GTM_ORDERS_GERP_R_IF_OS	OB_00030	V_L0TMS__TB_GTM_ORDERS_GERP_R_IF_OS	INTERFACE_ID	3	YES	NUMERIC
OB_00030.V_L0TMS__TB_GTM_ORDERS_GERP_R_IF_OS	OB_00030	V_L0TMS__TB_GTM_ORDERS_GERP_R_IF_OS	OPERATING_UNIT_ID	4	YES	NUMERIC
OB_00030.V_L0TMS__TB_GTM_ORDERS_GERP_R_IF_OS	OB_00030	V_L0TMS__TB_GTM_ORDERS_GERP_R_IF_OS	SOURCE_TYPE_CODE	5	YES	STRING
OB_00030.V_L0TMS__TB_GTM_ORDERS_GERP_R_IF_OS	OB_00030	V_L0TMS__TB_GTM_ORDERS_GERP_R_IF_OS	SOURCE_HEADER_ID	6	YES	NUMERIC
OB_00030.V_L0TMS__TB_GTM_ORDERS_GERP_R_IF_OS	OB_00030	V_L0TMS__TB_GTM_ORDERS_GERP_R_IF_OS	SOURCE_HEADER_NO	7	YES	STRING
OB_00030.V_L0TMS__TB_GTM_ORDERS_GERP_R_IF_OS	OB_00030	V_L0TMS__TB_GTM_ORDERS_GERP_R_IF_OS	SOURCE_LINE_ID	8	YES	NUMERIC
OB_00030.V_L0TMS__TB_GTM_ORDERS_GERP_R_IF_OS	OB_00030	V_L0TMS__TB_GTM_ORDERS_GERP_R_IF_OS	SOURCE_LINE_NO	9	YES	NUMERIC
OB_00030.V_L0TMS__TB_GTM_ORDERS_GERP_R_IF_OS	OB_00030	V_L0TMS__TB_GTM_ORDERS_GERP_R_IF_OS	SOURCE_CODE	10	YES	STRING
OB_00030.V_L0TMS__TB_GTM_ORDERS_GERP_R_IF_OS	OB_00030	V_L0TMS__TB_GTM_ORDERS_GERP_R_IF_OS	INTERFACE_TYPE_CODE	11	YES	STRING
OB_00030.V_L0TMS__TB_GTM_ORDERS_GERP_R_IF_OS	OB_00030	V_L0TMS__TB_GTM_ORDERS_GERP_R_IF_OS	ORDER_TYPE_NAME	12	YES	STRING
OB_00030.V_L0TMS__TB_GTM_ORDERS_GERP_R_IF_OS	OB_00030	V_L0TMS__TB_GTM_ORDERS_GERP_R_IF_OS	INTERNAL_TRANSACTION_TYPE_NAME	13	YES	STRING
OB_00030.V_L0TMS__TB_GTM_ORDERS_GERP_R_IF_OS	OB_00030	V_L0TMS__TB_GTM_ORDERS_GERP_R_IF_OS	ACCOUNTING_UNIT_CODE	14	YES	STRING
OB_00030.V_L0TMS__TB_GTM_ORDERS_GERP_R_IF_OS	OB_00030	V_L0TMS__TB_GTM_ORDERS_GERP_R_IF_OS	TRANSACTION_DATE	15	YES	DATETIME
OB_00030.V_L0TMS__TB_GTM_ORDERS_GERP_R_IF_OS	OB_00030	V_L0TMS__TB_GTM_ORDERS_GERP_R_IF_OS	ORDER_DATE	16	YES	DATETIME
OB_00030.V_L0TMS__TB_GTM_ORDERS_GERP_R_IF_OS	OB_00030	V_L0TMS__TB_GTM_ORDERS_GERP_R_IF_OS	SHIPMENT_NO	17	YES	NUMERIC
OB_00030.V_L0TMS__TB_GTM_ORDERS_GERP_R_IF_OS	OB_00030	V_L0TMS__TB_GTM_ORDERS_GERP_R_IF_OS	OPTION_NO	18	YES	NUMERIC
OB_00030.V_L0TMS__TB_GTM_ORDERS_GERP_R_IF_OS	OB_00030	V_L0TMS__TB_GTM_ORDERS_GERP_R_IF_OS	PICK_ORDER_NO	19	YES	STRING
OB_00030.V_L0TMS__TB_GTM_ORDERS_GERP_R_IF_OS	OB_00030	V_L0TMS__TB_GTM_ORDERS_GERP_R_IF_OS	PICK_SEQ_NO	20	YES	NUMERIC
OB_00030.V_L0TMS__TB_GTM_ORDERS_GERP_R_IF_OS	OB_00030	V_L0TMS__TB_GTM_ORDERS_GERP_R_IF_OS	MOVE_ORDER_LINE_ID	21	YES	NUMERIC
OB_00030.V_L0TMS__TB_GTM_ORDERS_GERP_R_IF_OS	OB_00030	V_L0TMS__TB_GTM_ORDERS_GERP_R_IF_OS	LOT_NO	22	YES	STRING
OB_00030.V_L0TMS__TB_GTM_ORDERS_GERP_R_IF_OS	OB_00030	V_L0TMS__TB_GTM_ORDERS_GERP_R_IF_OS	TRANSFER_LOT_NO	23	YES	STRING
OB_00030.V_L0TMS__TB_GTM_ORDERS_GERP_R_IF_OS	OB_00030	V_L0TMS__TB_GTM_ORDERS_GERP_R_IF_OS	PLAN_ID	24	YES	NUMERIC
OB_00030.V_L0TMS__TB_GTM_ORDERS_GERP_R_IF_OS	OB_00030	V_L0TMS__TB_GTM_ORDERS_GERP_R_IF_OS	TMS_FREIGHT_TERMS_CODE	25	YES	STRING
OB_00030.V_L0TMS__TB_GTM_ORDERS_GERP_R_IF_OS	OB_00030	V_L0TMS__TB_GTM_ORDERS_GERP_R_IF_OS	FREE_DELIVERY_FLAG	26	YES	STRING
OB_00030.V_L0TMS__TB_GTM_ORDERS_GERP_R_IF_OS	OB_00030	V_L0TMS__TB_GTM_ORDERS_GERP_R_IF_OS	DELIVERY_TYPE_CODE	27	YES	STRING
OB_00030.V_L0TMS__TB_GTM_ORDERS_GERP_R_IF_OS	OB_00030	V_L0TMS__TB_GTM_ORDERS_GERP_R_IF_OS	FREIGHT_TERMS_CODE	28	YES	STRING
OB_00030.V_L0TMS__TB_GTM_ORDERS_GERP_R_IF_OS	OB_00030	V_L0TMS__TB_GTM_ORDERS_GERP_R_IF_OS	SCHEDULE_SHIPMENT_DATE	29	YES	DATETIME
OB_00030.V_L0TMS__TB_GTM_ORDERS_GERP_R_IF_OS	OB_00030	V_L0TMS__TB_GTM_ORDERS_GERP_R_IF_OS	APPOINTMENT_FROM_DATE	30	YES	DATETIME
OB_00030.V_L0TMS__TB_GTM_ORDERS_GERP_R_IF_OS	OB_00030	V_L0TMS__TB_GTM_ORDERS_GERP_R_IF_OS	APPOINTMENT_TO_DATE	31	YES	DATETIME
OB_00030.V_L0TMS__TB_GTM_ORDERS_GERP_R_IF_OS	OB_00030	V_L0TMS__TB_GTM_ORDERS_GERP_R_IF_OS	APPOINTMENT_CONTACT_NAME	32	YES	STRING
OB_00030.V_L0TMS__TB_GTM_ORDERS_GERP_R_IF_OS	OB_00030	V_L0TMS__TB_GTM_ORDERS_GERP_R_IF_OS	APPOINTMENT_NO	33	YES	STRING
OB_00030.V_L0TMS__TB_GTM_ORDERS_GERP_R_IF_OS	OB_00030	V_L0TMS__TB_GTM_ORDERS_GERP_R_IF_OS	CURRENCY_CODE	34	YES	STRING
OB_00030.V_L0TMS__TB_GTM_ORDERS_GERP_R_IF_OS	OB_00030	V_L0TMS__TB_GTM_ORDERS_GERP_R_IF_OS	DUNS_NO	35	YES	STRING
OB_00030.V_L0TMS__TB_GTM_ORDERS_GERP_R_IF_OS	OB_00030	V_L0TMS__TB_GTM_ORDERS_GERP_R_IF_OS	CUSTOMER_PURCHASE_ORDER_NO	36	YES	STRING
OB_00030.V_L0TMS__TB_GTM_ORDERS_GERP_R_IF_OS	OB_00030	V_L0TMS__TB_GTM_ORDERS_GERP_R_IF_OS	REAL_CUSTOMER_PO_NO	37	YES	STRING
OB_00030.V_L0TMS__TB_GTM_ORDERS_GERP_R_IF_OS	OB_00030	V_L0TMS__TB_GTM_ORDERS_GERP_R_IF_OS	RELEASE_NO	38	YES	STRING
OB_00030.V_L0TMS__TB_GTM_ORDERS_GERP_R_IF_OS	OB_00030	V_L0TMS__TB_GTM_ORDERS_GERP_R_IF_OS	CUSTOMER_REFERENCE_NO	39	YES	STRING
OB_00030.V_L0TMS__TB_GTM_ORDERS_GERP_R_IF_OS	OB_00030	V_L0TMS__TB_GTM_ORDERS_GERP_R_IF_OS	PAYMENT_TERMS_CODE	40	YES	STRING
OB_00030.V_L0TMS__TB_GTM_ORDERS_GERP_R_IF_OS	OB_00030	V_L0TMS__TB_GTM_ORDERS_GERP_R_IF_OS	PAYMENT_TERMS_DESC	41	YES	STRING
OB_00030.V_L0TMS__TB_GTM_ORDERS_GERP_R_IF_OS	OB_00030	V_L0TMS__TB_GTM_ORDERS_GERP_R_IF_OS	SHIPPING_METHOD_CODE	42	YES	STRING
OB_00030.V_L0TMS__TB_GTM_ORDERS_GERP_R_IF_OS	OB_00030	V_L0TMS__TB_GTM_ORDERS_GERP_R_IF_OS	TRANSPORTATION_TYPE_CODE	43	YES	STRING
OB_00030.V_L0TMS__TB_GTM_ORDERS_GERP_R_IF_OS	OB_00030	V_L0TMS__TB_GTM_ORDERS_GERP_R_IF_OS	SERVICE_LEVEL	44	YES	STRING
OB_00030.V_L0TMS__TB_GTM_ORDERS_GERP_R_IF_OS	OB_00030	V_L0TMS__TB_GTM_ORDERS_GERP_R_IF_OS	DRIVER_NAME	45	YES	STRING
OB_00030.V_L0TMS__TB_GTM_ORDERS_GERP_R_IF_OS	OB_00030	V_L0TMS__TB_GTM_ORDERS_GERP_R_IF_OS	DRIVER_ID	46	YES	STRING
OB_00030.V_L0TMS__TB_GTM_ORDERS_GERP_R_IF_OS	OB_00030	V_L0TMS__TB_GTM_ORDERS_GERP_R_IF_OS	CHASSIS_NAME	47	YES	STRING
OB_00030.V_L0TMS__TB_GTM_ORDERS_GERP_R_IF_OS	OB_00030	V_L0TMS__TB_GTM_ORDERS_GERP_R_IF_OS	SOLD_TO_ORG_ID	48	YES	NUMERIC
OB_00030.V_L0TMS__TB_GTM_ORDERS_GERP_R_IF_OS	OB_00030	V_L0TMS__TB_GTM_ORDERS_GERP_R_IF_OS	SHIP_TO_CUSTOMER_CODE	49	YES	STRING
OB_00030.V_L0TMS__TB_GTM_ORDERS_GERP_R_IF_OS	OB_00030	V_L0TMS__TB_GTM_ORDERS_GERP_R_IF_OS	SHIP_TO_SHORT_NAME	50	YES	STRING
OB_00030.V_L0TMS__TB_GTM_ORDERS_GERP_R_IF_OS	OB_00030	V_L0TMS__TB_GTM_ORDERS_GERP_R_IF_OS	SHIP_TO_FULL_NAME	51	YES	STRING
OB_00030.V_L0TMS__TB_GTM_ORDERS_GERP_R_IF_OS	OB_00030	V_L0TMS__TB_GTM_ORDERS_GERP_R_IF_OS	SHIP_TO_STATE_CODE	52	YES	STRING
OB_00030.V_L0TMS__TB_GTM_ORDERS_GERP_R_IF_OS	OB_00030	V_L0TMS__TB_GTM_ORDERS_GERP_R_IF_OS	SHIP_TO_POSTAL_CODE	53	YES	STRING
OB_00030.V_L0TMS__TB_GTM_ORDERS_GERP_R_IF_OS	OB_00030	V_L0TMS__TB_GTM_ORDERS_GERP_R_IF_OS	SHIP_TO_COUNTRY_CODE	54	YES	STRING
OB_00030.V_L0TMS__TB_GTM_ORDERS_GERP_R_IF_OS	OB_00030	V_L0TMS__TB_GTM_ORDERS_GERP_R_IF_OS	SHIP_TO_FAX_NO	55	YES	STRING
OB_00030.V_L0TMS__TB_GTM_ORDERS_GERP_R_IF_OS	OB_00030	V_L0TMS__TB_GTM_ORDERS_GERP_R_IF_OS	BILL_TO_CUSTOMER_CODE	56	YES	STRING
OB_00030.V_L0TMS__TB_GTM_ORDERS_GERP_R_IF_OS	OB_00030	V_L0TMS__TB_GTM_ORDERS_GERP_R_IF_OS	BILL_TO_NAME	57	YES	STRING
OB_00030.V_L0TMS__TB_GTM_ORDERS_GERP_R_IF_OS	OB_00030	V_L0TMS__TB_GTM_ORDERS_GERP_R_IF_OS	BIZ_REGISTER_NO	58	YES	STRING
OB_00030.V_L0TMS__TB_GTM_ORDERS_GERP_R_IF_OS	OB_00030	V_L0TMS__TB_GTM_ORDERS_GERP_R_IF_OS	BILL_TO_STATE_CODE	59	YES	STRING
OB_00030.V_L0TMS__TB_GTM_ORDERS_GERP_R_IF_OS	OB_00030	V_L0TMS__TB_GTM_ORDERS_GERP_R_IF_OS	BILL_TO_POSTAL_CODE	60	YES	STRING
OB_00030.V_L0TMS__TB_GTM_ORDERS_GERP_R_IF_OS	OB_00030	V_L0TMS__TB_GTM_ORDERS_GERP_R_IF_OS	BILL_TO_COUNTRY_CODE	61	YES	STRING
OB_00030.V_L0TMS__TB_GTM_ORDERS_GERP_R_IF_OS	OB_00030	V_L0TMS__TB_GTM_ORDERS_GERP_R_IF_OS	BILL_TO_FAX_NO	62	YES	STRING
OB_00030.V_L0TMS__TB_GTM_ORDERS_GERP_R_IF_OS	OB_00030	V_L0TMS__TB_GTM_ORDERS_GERP_R_IF_OS	STORE_CODE	63	YES	STRING
OB_00030.V_L0TMS__TB_GTM_ORDERS_GERP_R_IF_OS	OB_00030	V_L0TMS__TB_GTM_ORDERS_GERP_R_IF_OS	STORE_NAME	64	YES	STRING
OB_00030.V_L0TMS__TB_GTM_ORDERS_GERP_R_IF_OS	OB_00030	V_L0TMS__TB_GTM_ORDERS_GERP_R_IF_OS	STORE_STATE_CODE	65	YES	STRING
OB_00030.V_L0TMS__TB_GTM_ORDERS_GERP_R_IF_OS	OB_00030	V_L0TMS__TB_GTM_ORDERS_GERP_R_IF_OS	STORE_POSTAL_CODE	66	YES	STRING
OB_00030.V_L0TMS__TB_GTM_ORDERS_GERP_R_IF_OS	OB_00030	V_L0TMS__TB_GTM_ORDERS_GERP_R_IF_OS	STORE_FAX_NO	67	YES	STRING
OB_00030.V_L0TMS__TB_GTM_ORDERS_GERP_R_IF_OS	OB_00030	V_L0TMS__TB_GTM_ORDERS_GERP_R_IF_OS	CONSIGNEE_NAME	68	YES	STRING
OB_00030.V_L0TMS__TB_GTM_ORDERS_GERP_R_IF_OS	OB_00030	V_L0TMS__TB_GTM_ORDERS_GERP_R_IF_OS	CONSIGNEE_STATE_CODE	69	YES	STRING
OB_00030.V_L0TMS__TB_GTM_ORDERS_GERP_R_IF_OS	OB_00030	V_L0TMS__TB_GTM_ORDERS_GERP_R_IF_OS	CONSIGNEE_POSTAL_CODE	70	YES	STRING
OB_00030.V_L0TMS__TB_GTM_ORDERS_GERP_R_IF_OS	OB_00030	V_L0TMS__TB_GTM_ORDERS_GERP_R_IF_OS	LGE_DELIVERY_FLAG	71	YES	STRING
OB_00030.V_L0TMS__TB_GTM_ORDERS_GERP_R_IF_OS	OB_00030	V_L0TMS__TB_GTM_ORDERS_GERP_R_IF_OS	CUSTOMER_CODE	72	YES	STRING
OB_00030.V_L0TMS__TB_GTM_ORDERS_GERP_R_IF_OS	OB_00030	V_L0TMS__TB_GTM_ORDERS_GERP_R_IF_OS	REQUESTOR_NAME	73	YES	STRING
OB_00030.V_L0TMS__TB_GTM_ORDERS_GERP_R_IF_OS	OB_00030	V_L0TMS__TB_GTM_ORDERS_GERP_R_IF_OS	SOCIAL_SECURITY_NO	74	YES	STRING
OB_00030.V_L0TMS__TB_GTM_ORDERS_GERP_R_IF_OS	OB_00030	V_L0TMS__TB_GTM_ORDERS_GERP_R_IF_OS	PICKING_COMMENT	75	YES	STRING
OB_00030.V_L0TMS__TB_GTM_ORDERS_GERP_R_IF_OS	OB_00030	V_L0TMS__TB_GTM_ORDERS_GERP_R_IF_OS	SHIPPING_COMMENT	76	YES	STRING
OB_00030.V_L0TMS__TB_GTM_ORDERS_GERP_R_IF_OS	OB_00030	V_L0TMS__TB_GTM_ORDERS_GERP_R_IF_OS	INVOICE_COMMENT	77	YES	STRING
OB_00030.V_L0TMS__TB_GTM_ORDERS_GERP_R_IF_OS	OB_00030	V_L0TMS__TB_GTM_ORDERS_GERP_R_IF_OS	HOUSE_TYPE_NAME	78	YES	STRING
OB_00030.V_L0TMS__TB_GTM_ORDERS_GERP_R_IF_OS	OB_00030	V_L0TMS__TB_GTM_ORDERS_GERP_R_IF_OS	HOME_DELIVERY_CAPACITY_RATE	79	YES	NUMERIC
OB_00030.V_L0TMS__TB_GTM_ORDERS_GERP_R_IF_OS	OB_00030	V_L0TMS__TB_GTM_ORDERS_GERP_R_IF_OS	DEPARTMENT_CODE	80	YES	STRING
OB_00030.V_L0TMS__TB_GTM_ORDERS_GERP_R_IF_OS	OB_00030	V_L0TMS__TB_GTM_ORDERS_GERP_R_IF_OS	LOAD_TYPE_CODE	81	YES	STRING
OB_00030.V_L0TMS__TB_GTM_ORDERS_GERP_R_IF_OS	OB_00030	V_L0TMS__TB_GTM_ORDERS_GERP_R_IF_OS	EXPECTED_TRUCK_ARRIVAL_DATE	82	YES	DATETIME
OB_00030.V_L0TMS__TB_GTM_ORDERS_GERP_R_IF_OS	OB_00030	V_L0TMS__TB_GTM_ORDERS_GERP_R_IF_OS	SHIPPER_ID	83	YES	STRING
OB_00030.V_L0TMS__TB_GTM_ORDERS_GERP_R_IF_OS	OB_00030	V_L0TMS__TB_GTM_ORDERS_GERP_R_IF_OS	LOAD_PORT_CODE	84	YES	STRING
OB_00030.V_L0TMS__TB_GTM_ORDERS_GERP_R_IF_OS	OB_00030	V_L0TMS__TB_GTM_ORDERS_GERP_R_IF_OS	VEHICLE_TYPE_CODE	85	YES	STRING
OB_00030.V_L0TMS__TB_GTM_ORDERS_GERP_R_IF_OS	OB_00030	V_L0TMS__TB_GTM_ORDERS_GERP_R_IF_OS	NOTIFY_PARTY1_CODE	86	YES	STRING
OB_00030.V_L0TMS__TB_GTM_ORDERS_GERP_R_IF_OS	OB_00030	V_L0TMS__TB_GTM_ORDERS_GERP_R_IF_OS	CUSTOMS_CODE	87	YES	STRING
OB_00030.V_L0TMS__TB_GTM_ORDERS_GERP_R_IF_OS	OB_00030	V_L0TMS__TB_GTM_ORDERS_GERP_R_IF_OS	FINAL_DESTINATION1_CODE	88	YES	STRING
OB_00030.V_L0TMS__TB_GTM_ORDERS_GERP_R_IF_OS	OB_00030	V_L0TMS__TB_GTM_ORDERS_GERP_R_IF_OS	TRUCK_NO	89	YES	STRING
OB_00030.V_L0TMS__TB_GTM_ORDERS_GERP_R_IF_OS	OB_00030	V_L0TMS__TB_GTM_ORDERS_GERP_R_IF_OS	CARRIER_CODE	90	YES	STRING
OB_00030.V_L0TMS__TB_GTM_ORDERS_GERP_R_IF_OS	OB_00030	V_L0TMS__TB_GTM_ORDERS_GERP_R_IF_OS	SHIPPING_HOLD_FLAG	91	YES	STRING
OB_00030.V_L0TMS__TB_GTM_ORDERS_GERP_R_IF_OS	OB_00030	V_L0TMS__TB_GTM_ORDERS_GERP_R_IF_OS	SALESPERSON_NAME	92	YES	STRING
OB_00030.V_L0TMS__TB_GTM_ORDERS_GERP_R_IF_OS	OB_00030	V_L0TMS__TB_GTM_ORDERS_GERP_R_IF_OS	ORGANIZATION_ID	93	YES	NUMERIC
OB_00030.V_L0TMS__TB_GTM_ORDERS_GERP_R_IF_OS	OB_00030	V_L0TMS__TB_GTM_ORDERS_GERP_R_IF_OS	ORGANIZATION_CODE	94	YES	STRING
OB_00030.V_L0TMS__TB_GTM_ORDERS_GERP_R_IF_OS	OB_00030	V_L0TMS__TB_GTM_ORDERS_GERP_R_IF_OS	SUBINVENTORY_CODE	95	YES	STRING
OB_00030.V_L0TMS__TB_GTM_ORDERS_GERP_R_IF_OS	OB_00030	V_L0TMS__TB_GTM_ORDERS_GERP_R_IF_OS	TRANSFER_ORGANIZATION_ID	96	YES	NUMERIC
OB_00030.V_L0TMS__TB_GTM_ORDERS_GERP_R_IF_OS	OB_00030	V_L0TMS__TB_GTM_ORDERS_GERP_R_IF_OS	TRANSFER_ORGANIZATION_CODE	97	YES	STRING
OB_00030.V_L0TMS__TB_GTM_ORDERS_GERP_R_IF_OS	OB_00030	V_L0TMS__TB_GTM_ORDERS_GERP_R_IF_OS	TRANSFER_SUBINVENTORY_CODE	98	YES	STRING
OB_00030.V_L0TMS__TB_GTM_ORDERS_GERP_R_IF_OS	OB_00030	V_L0TMS__TB_GTM_ORDERS_GERP_R_IF_OS	ITEM_ID	99	YES	NUMERIC
OB_00030.V_L0TMS__TB_GTM_ORDERS_GERP_R_IF_OS	OB_00030	V_L0TMS__TB_GTM_ORDERS_GERP_R_IF_OS	ITEM_CODE	100	YES	STRING
OB_00030.V_L0TMS__TB_GTM_ORDERS_GERP_R_IF_OS	OB_00030	V_L0TMS__TB_GTM_ORDERS_GERP_R_IF_OS	ITEM_DESC	101	YES	STRING
OB_00030.V_L0TMS__TB_GTM_ORDERS_GERP_R_IF_OS	OB_00030	V_L0TMS__TB_GTM_ORDERS_GERP_R_IF_OS	TRANSFER_ITEM_ID	102	YES	NUMERIC
OB_00030.V_L0TMS__TB_GTM_ORDERS_GERP_R_IF_OS	OB_00030	V_L0TMS__TB_GTM_ORDERS_GERP_R_IF_OS	TRANSFER_ITEM_CODE	103	YES	STRING
OB_00030.V_L0TMS__TB_GTM_ORDERS_GERP_R_IF_OS	OB_00030	V_L0TMS__TB_GTM_ORDERS_GERP_R_IF_OS	ORDER_QTY	104	YES	NUMERIC
OB_00030.V_L0TMS__TB_GTM_ORDERS_GERP_R_IF_OS	OB_00030	V_L0TMS__TB_GTM_ORDERS_GERP_R_IF_OS	PICK_QTY	105	YES	NUMERIC
OB_00030.V_L0TMS__TB_GTM_ORDERS_GERP_R_IF_OS	OB_00030	V_L0TMS__TB_GTM_ORDERS_GERP_R_IF_OS	UOM_CODE	106	YES	STRING
OB_00030.V_L0TMS__TB_GTM_ORDERS_GERP_R_IF_OS	OB_00030	V_L0TMS__TB_GTM_ORDERS_GERP_R_IF_OS	UNIT_LIST_PRICE	107	YES	NUMERIC
OB_00030.V_L0TMS__TB_GTM_ORDERS_GERP_R_IF_OS	OB_00030	V_L0TMS__TB_GTM_ORDERS_GERP_R_IF_OS	UNIT_SELLING_PRICE	108	YES	NUMERIC
OB_00030.V_L0TMS__TB_GTM_ORDERS_GERP_R_IF_OS	OB_00030	V_L0TMS__TB_GTM_ORDERS_GERP_R_IF_OS	UNIT_VOLUME	109	YES	NUMERIC
OB_00030.V_L0TMS__TB_GTM_ORDERS_GERP_R_IF_OS	OB_00030	V_L0TMS__TB_GTM_ORDERS_GERP_R_IF_OS	GROSS_WEIGHT	110	YES	NUMERIC
OB_00030.V_L0TMS__TB_GTM_ORDERS_GERP_R_IF_OS	OB_00030	V_L0TMS__TB_GTM_ORDERS_GERP_R_IF_OS	UNIT_WEIGHT	111	YES	NUMERIC
OB_00030.V_L0TMS__TB_GTM_ORDERS_GERP_R_IF_OS	OB_00030	V_L0TMS__TB_GTM_ORDERS_GERP_R_IF_OS	PACKING_UNIT_QTY	112	YES	INT64
OB_00030.V_L0TMS__TB_GTM_ORDERS_GERP_R_IF_OS	OB_00030	V_L0TMS__TB_GTM_ORDERS_GERP_R_IF_OS	HEIGHT_SIZE	113	YES	NUMERIC
OB_00030.V_L0TMS__TB_GTM_ORDERS_GERP_R_IF_OS	OB_00030	V_L0TMS__TB_GTM_ORDERS_GERP_R_IF_OS	WIDTH_SIZE	114	YES	NUMERIC
OB_00030.V_L0TMS__TB_GTM_ORDERS_GERP_R_IF_OS	OB_00030	V_L0TMS__TB_GTM_ORDERS_GERP_R_IF_OS	LENGTH_VALUE	115	YES	NUMERIC
OB_00030.V_L0TMS__TB_GTM_ORDERS_GERP_R_IF_OS	OB_00030	V_L0TMS__TB_GTM_ORDERS_GERP_R_IF_OS	MODEL_EAN_CODE	116	YES	STRING
OB_00030.V_L0TMS__TB_GTM_ORDERS_GERP_R_IF_OS	OB_00030	V_L0TMS__TB_GTM_ORDERS_GERP_R_IF_OS	PACKAGE_EAN_CODE	117	YES	STRING
OB_00030.V_L0TMS__TB_GTM_ORDERS_GERP_R_IF_OS	OB_00030	V_L0TMS__TB_GTM_ORDERS_GERP_R_IF_OS	PACKAGE_FLAG	118	YES	STRING
OB_00030.V_L0TMS__TB_GTM_ORDERS_GERP_R_IF_OS	OB_00030	V_L0TMS__TB_GTM_ORDERS_GERP_R_IF_OS	PACKAGE_QTY	119	YES	INT64
OB_00030.V_L0TMS__TB_GTM_ORDERS_GERP_R_IF_OS	OB_00030	V_L0TMS__TB_GTM_ORDERS_GERP_R_IF_OS	PACKAGE_MODEL_CODE	120	YES	STRING
OB_00030.V_L0TMS__TB_GTM_ORDERS_GERP_R_IF_OS	OB_00030	V_L0TMS__TB_GTM_ORDERS_GERP_R_IF_OS	PALLETIZATION_FLAG	121	YES	STRING
OB_00030.V_L0TMS__TB_GTM_ORDERS_GERP_R_IF_OS	OB_00030	V_L0TMS__TB_GTM_ORDERS_GERP_R_IF_OS	CUSTOMER_MODEL_CODE	122	YES	STRING
OB_00030.V_L0TMS__TB_GTM_ORDERS_GERP_R_IF_OS	OB_00030	V_L0TMS__TB_GTM_ORDERS_GERP_R_IF_OS	SHIPMENT_PRIORITY_CODE	123	YES	STRING
OB_00030.V_L0TMS__TB_GTM_ORDERS_GERP_R_IF_OS	OB_00030	V_L0TMS__TB_GTM_ORDERS_GERP_R_IF_OS	DELIVERY_DETAIL_ID	124	YES	NUMERIC
OB_00030.V_L0TMS__TB_GTM_ORDERS_GERP_R_IF_OS	OB_00030	V_L0TMS__TB_GTM_ORDERS_GERP_R_IF_OS	LINK_TO_LINE_ID	125	YES	NUMERIC
OB_00030.V_L0TMS__TB_GTM_ORDERS_GERP_R_IF_OS	OB_00030	V_L0TMS__TB_GTM_ORDERS_GERP_R_IF_OS	LINK_ENABLED_FLAG	126	YES	STRING
OB_00030.V_L0TMS__TB_GTM_ORDERS_GERP_R_IF_OS	OB_00030	V_L0TMS__TB_GTM_ORDERS_GERP_R_IF_OS	HOME_DELIVERY_ATP_FLAG	127	YES	STRING
OB_00030.V_L0TMS__TB_GTM_ORDERS_GERP_R_IF_OS	OB_00030	V_L0TMS__TB_GTM_ORDERS_GERP_R_IF_OS	HQ_ACCOUNTING_UNIT_CODE	128	YES	STRING
OB_00030.V_L0TMS__TB_GTM_ORDERS_GERP_R_IF_OS	OB_00030	V_L0TMS__TB_GTM_ORDERS_GERP_R_IF_OS	ACCOUNT_CODE	129	YES	STRING
OB_00030.V_L0TMS__TB_GTM_ORDERS_GERP_R_IF_OS	OB_00030	V_L0TMS__TB_GTM_ORDERS_GERP_R_IF_OS	REQUEST_DEPARTMENT_NAME	130	YES	STRING
OB_00030.V_L0TMS__TB_GTM_ORDERS_GERP_R_IF_OS	OB_00030	V_L0TMS__TB_GTM_ORDERS_GERP_R_IF_OS	COST_CENTER_CODE	131	YES	STRING
OB_00030.V_L0TMS__TB_GTM_ORDERS_GERP_R_IF_OS	OB_00030	V_L0TMS__TB_GTM_ORDERS_GERP_R_IF_OS	SERVICE_CONFERENCE_NO	132	YES	STRING
OB_00030.V_L0TMS__TB_GTM_ORDERS_GERP_R_IF_OS	OB_00030	V_L0TMS__TB_GTM_ORDERS_GERP_R_IF_OS	RESERVE_DATE	133	YES	DATETIME
OB_00030.V_L0TMS__TB_GTM_ORDERS_GERP_R_IF_OS	OB_00030	V_L0TMS__TB_GTM_ORDERS_GERP_R_IF_OS	ORIGINAL_SYSTEM_DOC_REF_NO	134	YES	STRING
OB_00030.V_L0TMS__TB_GTM_ORDERS_GERP_R_IF_OS	OB_00030	V_L0TMS__TB_GTM_ORDERS_GERP_R_IF_OS	ORIGINAL_SYSTEM_LINE_REF_NO	135	YES	STRING
OB_00030.V_L0TMS__TB_GTM_ORDERS_GERP_R_IF_OS	OB_00030	V_L0TMS__TB_GTM_ORDERS_GERP_R_IF_OS	EXTENSION_QTY	136	YES	NUMERIC
OB_00030.V_L0TMS__TB_GTM_ORDERS_GERP_R_IF_OS	OB_00030	V_L0TMS__TB_GTM_ORDERS_GERP_R_IF_OS	INSTALL_TYPE_DESC	137	YES	STRING
OB_00030.V_L0TMS__TB_GTM_ORDERS_GERP_R_IF_OS	OB_00030	V_L0TMS__TB_GTM_ORDERS_GERP_R_IF_OS	CONCURRENCY_SHIPPING_FLAG	138	YES	STRING
OB_00030.V_L0TMS__TB_GTM_ORDERS_GERP_R_IF_OS	OB_00030	V_L0TMS__TB_GTM_ORDERS_GERP_R_IF_OS	SHIP_SET_ID	139	YES	NUMERIC
OB_00030.V_L0TMS__TB_GTM_ORDERS_GERP_R_IF_OS	OB_00030	V_L0TMS__TB_GTM_ORDERS_GERP_R_IF_OS	SALES_ORGANIZATION_CODE	140	YES	STRING
OB_00030.V_L0TMS__TB_GTM_ORDERS_GERP_R_IF_OS	OB_00030	V_L0TMS__TB_GTM_ORDERS_GERP_R_IF_OS	SALES_ORGANIZATION_NAME	141	YES	STRING
OB_00030.V_L0TMS__TB_GTM_ORDERS_GERP_R_IF_OS	OB_00030	V_L0TMS__TB_GTM_ORDERS_GERP_R_IF_OS	RELATIVE_CUSTOMER_INFO	142	YES	STRING
OB_00030.V_L0TMS__TB_GTM_ORDERS_GERP_R_IF_OS	OB_00030	V_L0TMS__TB_GTM_ORDERS_GERP_R_IF_OS	INSTALL_SITE_ID	143	YES	STRING
OB_00030.V_L0TMS__TB_GTM_ORDERS_GERP_R_IF_OS	OB_00030	V_L0TMS__TB_GTM_ORDERS_GERP_R_IF_OS	DELIVERY_WARRANTY_DESC	144	YES	STRING
OB_00030.V_L0TMS__TB_GTM_ORDERS_GERP_R_IF_OS	OB_00030	V_L0TMS__TB_GTM_ORDERS_GERP_R_IF_OS	RELATIVE_SOURCE_LINE_ID	145	YES	NUMERIC
OB_00030.V_L0TMS__TB_GTM_ORDERS_GERP_R_IF_OS	OB_00030	V_L0TMS__TB_GTM_ORDERS_GERP_R_IF_OS	RELATIVE_ORDER_REGISTER_FLAG	146	YES	STRING
OB_00030.V_L0TMS__TB_GTM_ORDERS_GERP_R_IF_OS	OB_00030	V_L0TMS__TB_GTM_ORDERS_GERP_R_IF_OS	DELIVERY_ORDER_FLAG	147	YES	STRING
OB_00030.V_L0TMS__TB_GTM_ORDERS_GERP_R_IF_OS	OB_00030	V_L0TMS__TB_GTM_ORDERS_GERP_R_IF_OS	EXPECTED_ARRIVAL_DATE	148	YES	DATETIME
OB_00030.V_L0TMS__TB_GTM_ORDERS_GERP_R_IF_OS	OB_00030	V_L0TMS__TB_GTM_ORDERS_GERP_R_IF_OS	INTERNAL_ORG_ORIG_SOURCE_NAME	149	YES	STRING
OB_00030.V_L0TMS__TB_GTM_ORDERS_GERP_R_IF_OS	OB_00030	V_L0TMS__TB_GTM_ORDERS_GERP_R_IF_OS	REL_SOURCE_DELIV_TYPE_CODE	150	YES	STRING
OB_00030.V_L0TMS__TB_GTM_ORDERS_GERP_R_IF_OS	OB_00030	V_L0TMS__TB_GTM_ORDERS_GERP_R_IF_OS	RELATIVE_SOURCE_ORDER_NO	151	YES	STRING
OB_00030.V_L0TMS__TB_GTM_ORDERS_GERP_R_IF_OS	OB_00030	V_L0TMS__TB_GTM_ORDERS_GERP_R_IF_OS	DELIVERY_TYPE_NAME	152	YES	STRING
OB_00030.V_L0TMS__TB_GTM_ORDERS_GERP_R_IF_OS	OB_00030	V_L0TMS__TB_GTM_ORDERS_GERP_R_IF_OS	DEPT_STR_INVENTORY_GRADE_DESC	153	YES	STRING
OB_00030.V_L0TMS__TB_GTM_ORDERS_GERP_R_IF_OS	OB_00030	V_L0TMS__TB_GTM_ORDERS_GERP_R_IF_OS	DEPT_STR_SERIAL_NO	154	YES	STRING
OB_00030.V_L0TMS__TB_GTM_ORDERS_GERP_R_IF_OS	OB_00030	V_L0TMS__TB_GTM_ORDERS_GERP_R_IF_OS	USED_PRODUCT_MOVING_FLAG	155	YES	STRING
OB_00030.V_L0TMS__TB_GTM_ORDERS_GERP_R_IF_OS	OB_00030	V_L0TMS__TB_GTM_ORDERS_GERP_R_IF_OS	USED_PRODUCT_LINE_CODE	156	YES	STRING
OB_00030.V_L0TMS__TB_GTM_ORDERS_GERP_R_IF_OS	OB_00030	V_L0TMS__TB_GTM_ORDERS_GERP_R_IF_OS	CREATED_BY	157	YES	NUMERIC
OB_00030.V_L0TMS__TB_GTM_ORDERS_GERP_R_IF_OS	OB_00030	V_L0TMS__TB_GTM_ORDERS_GERP_R_IF_OS	CREATION_DATE	158	YES	DATETIME
OB_00030.V_L0TMS__TB_GTM_ORDERS_GERP_R_IF_OS	OB_00030	V_L0TMS__TB_GTM_ORDERS_GERP_R_IF_OS	LAST_UPDATED_BY	159	YES	NUMERIC
OB_00030.V_L0TMS__TB_GTM_ORDERS_GERP_R_IF_OS	OB_00030	V_L0TMS__TB_GTM_ORDERS_GERP_R_IF_OS	LAST_UPDATE_DATE	160	YES	DATETIME
OB_00030.V_L0TMS__TB_GTM_ORDERS_GERP_R_IF_OS	OB_00030	V_L0TMS__TB_GTM_ORDERS_GERP_R_IF_OS	BUYER_DIVISION_CODE	161	YES	STRING
OB_00030.V_L0TMS__TB_GTM_ORDERS_GERP_R_IF_OS	OB_00030	V_L0TMS__TB_GTM_ORDERS_GERP_R_IF_OS	BUYER_VENDOR_CODE	162	YES	STRING
OB_00030.V_L0TMS__TB_GTM_ORDERS_GERP_R_IF_OS	OB_00030	V_L0TMS__TB_GTM_ORDERS_GERP_R_IF_OS	BUYER_PARTY_CODE	163	YES	STRING
OB_00030.V_L0TMS__TB_GTM_ORDERS_GERP_R_IF_OS	OB_00030	V_L0TMS__TB_GTM_ORDERS_GERP_R_IF_OS	BUYER_DEPT_CODE	164	YES	STRING
OB_00030.V_L0TMS__TB_GTM_ORDERS_GERP_R_IF_OS	OB_00030	V_L0TMS__TB_GTM_ORDERS_GERP_R_IF_OS	CANCEL_FLAG	165	YES	STRING
OB_00030.V_L0TMS__TB_GTM_ORDERS_GERP_R_IF_OS	OB_00030	V_L0TMS__TB_GTM_ORDERS_GERP_R_IF_OS	CANCEL_REQUEST_DATE	166	YES	DATETIME
OB_00030.V_L0TMS__TB_GTM_ORDERS_GERP_R_IF_OS	OB_00030	V_L0TMS__TB_GTM_ORDERS_GERP_R_IF_OS	ERROR_MESSAGE_TEXT	167	YES	STRING
OB_00030.V_L0TMS__TB_GTM_ORDERS_GERP_R_IF_OS	OB_00030	V_L0TMS__TB_GTM_ORDERS_GERP_R_IF_OS	ORIGINAL_EDI_NO	168	YES	STRING
OB_00030.V_L0TMS__TB_GTM_ORDERS_GERP_R_IF_OS	OB_00030	V_L0TMS__TB_GTM_ORDERS_GERP_R_IF_OS	UPDATE_FLAG	169	YES	STRING
OB_00030.V_L0TMS__TB_GTM_ORDERS_GERP_R_IF_OS	OB_00030	V_L0TMS__TB_GTM_ORDERS_GERP_R_IF_OS	GE_MASTER_SHIPPING_NO	170	YES	STRING
OB_00030.V_L0TMS__TB_GTM_ORDERS_GERP_R_IF_OS	OB_00030	V_L0TMS__TB_GTM_ORDERS_GERP_R_IF_OS	TRANSACTION_COMMENT	171	YES	STRING
OB_00030.V_L0TMS__TB_GTM_ORDERS_GERP_R_IF_OS	OB_00030	V_L0TMS__TB_GTM_ORDERS_GERP_R_IF_OS	SALES_REGION_CODE	172	YES	STRING
OB_00030.V_L0TMS__TB_GTM_ORDERS_GERP_R_IF_OS	OB_00030	V_L0TMS__TB_GTM_ORDERS_GERP_R_IF_OS	UCC_LABEL_USE_FLAG	173	YES	STRING
OB_00030.V_L0TMS__TB_GTM_ORDERS_GERP_R_IF_OS	OB_00030	V_L0TMS__TB_GTM_ORDERS_GERP_R_IF_OS	LABEL_NAME	174	YES	STRING
OB_00030.V_L0TMS__TB_GTM_ORDERS_GERP_R_IF_OS	OB_00030	V_L0TMS__TB_GTM_ORDERS_GERP_R_IF_OS	UPS_ALLOW_FLAG	175	YES	STRING
OB_00030.V_L0TMS__TB_GTM_ORDERS_GERP_R_IF_OS	OB_00030	V_L0TMS__TB_GTM_ORDERS_GERP_R_IF_OS	FREIGHT_CLASS_NO	176	YES	NUMERIC
OB_00030.V_L0TMS__TB_GTM_ORDERS_GERP_R_IF_OS	OB_00030	V_L0TMS__TB_GTM_ORDERS_GERP_R_IF_OS	SERIAL_NO_FLAG	177	YES	STRING
OB_00030.V_L0TMS__TB_GTM_ORDERS_GERP_R_IF_OS	OB_00030	V_L0TMS__TB_GTM_ORDERS_GERP_R_IF_OS	RFID_USE_FLAG	178	YES	STRING
OB_00030.V_L0TMS__TB_GTM_ORDERS_GERP_R_IF_OS	OB_00030	V_L0TMS__TB_GTM_ORDERS_GERP_R_IF_OS	PHONE_CONTACT_FLAG	179	YES	STRING
OB_00030.V_L0TMS__TB_GTM_ORDERS_GERP_R_IF_OS	OB_00030	V_L0TMS__TB_GTM_ORDERS_GERP_R_IF_OS	CUSTOMS_AGENT_CODE	180	YES	STRING
OB_00030.V_L0TMS__TB_GTM_ORDERS_GERP_R_IF_OS	OB_00030	V_L0TMS__TB_GTM_ORDERS_GERP_R_IF_OS	LOADING_TYPE_CODE	181	YES	STRING
OB_00030.V_L0TMS__TB_GTM_ORDERS_GERP_R_IF_OS	OB_00030	V_L0TMS__TB_GTM_ORDERS_GERP_R_IF_OS	SHIPPING_LINE2_CODE	182	YES	STRING
OB_00030.V_L0TMS__TB_GTM_ORDERS_GERP_R_IF_OS	OB_00030	V_L0TMS__TB_GTM_ORDERS_GERP_R_IF_OS	LOADING_PORT_CODE	183	YES	STRING
OB_00030.V_L0TMS__TB_GTM_ORDERS_GERP_R_IF_OS	OB_00030	V_L0TMS__TB_GTM_ORDERS_GERP_R_IF_OS	FINAL_DESTINATION_CODE	184	YES	STRING
OB_00030.V_L0TMS__TB_GTM_ORDERS_GERP_R_IF_OS	OB_00030	V_L0TMS__TB_GTM_ORDERS_GERP_R_IF_OS	AIR_INVOICE_NO	185	YES	STRING
OB_00030.V_L0TMS__TB_GTM_ORDERS_GERP_R_IF_OS	OB_00030	V_L0TMS__TB_GTM_ORDERS_GERP_R_IF_OS	CONTAINER_NO	186	YES	STRING
OB_00030.V_L0TMS__TB_GTM_ORDERS_GERP_R_IF_OS	OB_00030	V_L0TMS__TB_GTM_ORDERS_GERP_R_IF_OS	CONTAINER_TYPE_CODE	187	YES	STRING
OB_00030.V_L0TMS__TB_GTM_ORDERS_GERP_R_IF_OS	OB_00030	V_L0TMS__TB_GTM_ORDERS_GERP_R_IF_OS	CONTRACT_NO	188	YES	STRING
OB_00030.V_L0TMS__TB_GTM_ORDERS_GERP_R_IF_OS	OB_00030	V_L0TMS__TB_GTM_ORDERS_GERP_R_IF_OS	ITEM_TYPE_CODE	189	YES	STRING
OB_00030.V_L0TMS__TB_GTM_ORDERS_GERP_R_IF_OS	OB_00030	V_L0TMS__TB_GTM_ORDERS_GERP_R_IF_OS	PACKING_UNIT_CODE	190	YES	STRING
OB_00030.V_L0TMS__TB_GTM_ORDERS_GERP_R_IF_OS	OB_00030	V_L0TMS__TB_GTM_ORDERS_GERP_R_IF_OS	NET_WEIGHT	191	YES	NUMERIC
OB_00030.V_L0TMS__TB_GTM_ORDERS_GERP_R_IF_OS	OB_00030	V_L0TMS__TB_GTM_ORDERS_GERP_R_IF_OS	TOTAL_CBM	192	YES	NUMERIC
OB_00030.V_L0TMS__TB_GTM_ORDERS_GERP_R_IF_OS	OB_00030	V_L0TMS__TB_GTM_ORDERS_GERP_R_IF_OS	SPARE_SET_FLAG	193	YES	STRING
OB_00030.V_L0TMS__TB_GTM_ORDERS_GERP_R_IF_OS	OB_00030	V_L0TMS__TB_GTM_ORDERS_GERP_R_IF_OS	HS_CODE	194	YES	STRING
OB_00030.V_L0TMS__TB_GTM_ORDERS_GERP_R_IF_OS	OB_00030	V_L0TMS__TB_GTM_ORDERS_GERP_R_IF_OS	DIVISION_CODE	195	YES	STRING
OB_00030.V_L0TMS__TB_GTM_ORDERS_GERP_R_IF_OS	OB_00030	V_L0TMS__TB_GTM_ORDERS_GERP_R_IF_OS	CONTAINER_20S_QTY	196	YES	NUMERIC
OB_00030.V_L0TMS__TB_GTM_ORDERS_GERP_R_IF_OS	OB_00030	V_L0TMS__TB_GTM_ORDERS_GERP_R_IF_OS	CONTAINER_40S_QTY	197	YES	NUMERIC
OB_00030.V_L0TMS__TB_GTM_ORDERS_GERP_R_IF_OS	OB_00030	V_L0TMS__TB_GTM_ORDERS_GERP_R_IF_OS	CONTAINER_40H_QTY	198	YES	NUMERIC
OB_00030.V_L0TMS__TB_GTM_ORDERS_GERP_R_IF_OS	OB_00030	V_L0TMS__TB_GTM_ORDERS_GERP_R_IF_OS	CONTAINER_45S_QTY	199	YES	NUMERIC
OB_00030.V_L0TMS__TB_GTM_ORDERS_GERP_R_IF_OS	OB_00030	V_L0TMS__TB_GTM_ORDERS_GERP_R_IF_OS	CONTAINER_48S_QTY	200	YES	NUMERIC
OB_00030.V_L0TMS__TB_GTM_ORDERS_GERP_R_IF_OS	OB_00030	V_L0TMS__TB_GTM_ORDERS_GERP_R_IF_OS	CONTAINER_53SW_QTY	201	YES	NUMERIC
OB_00030.V_L0TMS__TB_GTM_ORDERS_GERP_R_IF_OS	OB_00030	V_L0TMS__TB_GTM_ORDERS_GERP_R_IF_OS	CONTAINER_57S_QTY	202	YES	NUMERIC
OB_00030.V_L0TMS__TB_GTM_ORDERS_GERP_R_IF_OS	OB_00030	V_L0TMS__TB_GTM_ORDERS_GERP_R_IF_OS	CONTAINER_60H_QTY	203	YES	NUMERIC
OB_00030.V_L0TMS__TB_GTM_ORDERS_GERP_R_IF_OS	OB_00030	V_L0TMS__TB_GTM_ORDERS_GERP_R_IF_OS	CONTAINER_20R_QTY	204	YES	NUMERIC
OB_00030.V_L0TMS__TB_GTM_ORDERS_GERP_R_IF_OS	OB_00030	V_L0TMS__TB_GTM_ORDERS_GERP_R_IF_OS	CONTAINER_40R_QTY	205	YES	NUMERIC
OB_00030.V_L0TMS__TB_GTM_ORDERS_GERP_R_IF_OS	OB_00030	V_L0TMS__TB_GTM_ORDERS_GERP_R_IF_OS	CONTAINER_40RH_QTY	206	YES	NUMERIC
OB_00030.V_L0TMS__TB_GTM_ORDERS_GERP_R_IF_OS	OB_00030	V_L0TMS__TB_GTM_ORDERS_GERP_R_IF_OS	LC_NO	207	YES	STRING
OB_00030.V_L0TMS__TB_GTM_ORDERS_GERP_R_IF_OS	OB_00030	V_L0TMS__TB_GTM_ORDERS_GERP_R_IF_OS	CC_GROUPING_NO	208	YES	STRING
OB_00030.V_L0TMS__TB_GTM_ORDERS_GERP_R_IF_OS	OB_00030	V_L0TMS__TB_GTM_ORDERS_GERP_R_IF_OS	WH_SHP_REQ_NO	209	YES	STRING
OB_00030.V_L0TMS__TB_GTM_ORDERS_GERP_R_IF_OS	OB_00030	V_L0TMS__TB_GTM_ORDERS_GERP_R_IF_OS	INVOICE_NO	210	YES	STRING
OB_00030.V_L0TMS__TB_GTM_ORDERS_GERP_R_IF_OS	OB_00030	V_L0TMS__TB_GTM_ORDERS_GERP_R_IF_OS	INSTRUCTIONS_ONLY_FLAG	211	YES	STRING
OB_00030.V_L0TMS__TB_GTM_ORDERS_GERP_R_IF_OS	OB_00030	V_L0TMS__TB_GTM_ORDERS_GERP_R_IF_OS	MESSAGE_DELIVERY_NOTI_FLAG	212	YES	STRING
OB_00030.V_L0TMS__TB_GTM_ORDERS_GERP_R_IF_OS	OB_00030	V_L0TMS__TB_GTM_ORDERS_GERP_R_IF_OS	MESSAGE_DELIVERY_NOTI_DATE	213	YES	DATETIME
OB_00030.V_L0TMS__TB_GTM_ORDERS_GERP_R_IF_OS	OB_00030	V_L0TMS__TB_GTM_ORDERS_GERP_R_IF_OS	CYCLE_COUNT_HEADER_NO	214	YES	STRING
OB_00030.V_L0TMS__TB_GTM_ORDERS_GERP_R_IF_OS	OB_00030	V_L0TMS__TB_GTM_ORDERS_GERP_R_IF_OS	CYCLE_COUNT_LINE_NO	215	YES	STRING
OB_00030.V_L0TMS__TB_GTM_ORDERS_GERP_R_IF_OS	OB_00030	V_L0TMS__TB_GTM_ORDERS_GERP_R_IF_OS	ATTRIBUTE1	216	YES	STRING
OB_00030.V_L0TMS__TB_GTM_ORDERS_GERP_R_IF_OS	OB_00030	V_L0TMS__TB_GTM_ORDERS_GERP_R_IF_OS	ATTRIBUTE2	217	YES	STRING
OB_00030.V_L0TMS__TB_GTM_ORDERS_GERP_R_IF_OS	OB_00030	V_L0TMS__TB_GTM_ORDERS_GERP_R_IF_OS	ATTRIBUTE3	218	YES	STRING
OB_00030.V_L0TMS__TB_GTM_ORDERS_GERP_R_IF_OS	OB_00030	V_L0TMS__TB_GTM_ORDERS_GERP_R_IF_OS	ATTRIBUTE4	219	YES	STRING
OB_00030.V_L0TMS__TB_GTM_ORDERS_GERP_R_IF_OS	OB_00030	V_L0TMS__TB_GTM_ORDERS_GERP_R_IF_OS	ATTRIBUTE5	220	YES	STRING
OB_00030.V_L0TMS__TB_GTM_ORDERS_GERP_R_IF_OS	OB_00030	V_L0TMS__TB_GTM_ORDERS_GERP_R_IF_OS	ATTRIBUTE6	221	YES	STRING
OB_00030.V_L0TMS__TB_GTM_ORDERS_GERP_R_IF_OS	OB_00030	V_L0TMS__TB_GTM_ORDERS_GERP_R_IF_OS	ATTRIBUTE7	222	YES	STRING
OB_00030.V_L0TMS__TB_GTM_ORDERS_GERP_R_IF_OS	OB_00030	V_L0TMS__TB_GTM_ORDERS_GERP_R_IF_OS	ATTRIBUTE8	223	YES	STRING
OB_00030.V_L0TMS__TB_GTM_ORDERS_GERP_R_IF_OS	OB_00030	V_L0TMS__TB_GTM_ORDERS_GERP_R_IF_OS	ATTRIBUTE9	224	YES	STRING
OB_00030.V_L0TMS__TB_GTM_ORDERS_GERP_R_IF_OS	OB_00030	V_L0TMS__TB_GTM_ORDERS_GERP_R_IF_OS	ATTRIBUTE10	225	YES	STRING
OB_00030.V_L0TMS__TB_GTM_ORDERS_GERP_R_IF_OS	OB_00030	V_L0TMS__TB_GTM_ORDERS_GERP_R_IF_OS	ATTRIBUTE11	226	YES	STRING
OB_00030.V_L0TMS__TB_GTM_ORDERS_GERP_R_IF_OS	OB_00030	V_L0TMS__TB_GTM_ORDERS_GERP_R_IF_OS	ATTRIBUTE12	227	YES	STRING
OB_00030.V_L0TMS__TB_GTM_ORDERS_GERP_R_IF_OS	OB_00030	V_L0TMS__TB_GTM_ORDERS_GERP_R_IF_OS	ATTRIBUTE13	228	YES	STRING
OB_00030.V_L0TMS__TB_GTM_ORDERS_GERP_R_IF_OS	OB_00030	V_L0TMS__TB_GTM_ORDERS_GERP_R_IF_OS	ATTRIBUTE14	229	YES	STRING
OB_00030.V_L0TMS__TB_GTM_ORDERS_GERP_R_IF_OS	OB_00030	V_L0TMS__TB_GTM_ORDERS_GERP_R_IF_OS	ATTRIBUTE15	230	YES	STRING
OB_00030.V_L0TMS__TB_GTM_ORDERS_GERP_R_IF_OS	OB_00030	V_L0TMS__TB_GTM_ORDERS_GERP_R_IF_OS	ATTRIBUTE16	231	YES	STRING
OB_00030.V_L0TMS__TB_GTM_ORDERS_GERP_R_IF_OS	OB_00030	V_L0TMS__TB_GTM_ORDERS_GERP_R_IF_OS	ATTRIBUTE17	232	YES	STRING
OB_00030.V_L0TMS__TB_GTM_ORDERS_GERP_R_IF_OS	OB_00030	V_L0TMS__TB_GTM_ORDERS_GERP_R_IF_OS	ATTRIBUTE18	233	YES	STRING
OB_00030.V_L0TMS__TB_GTM_ORDERS_GERP_R_IF_OS	OB_00030	V_L0TMS__TB_GTM_ORDERS_GERP_R_IF_OS	ATTRIBUTE19	234	YES	STRING
OB_00030.V_L0TMS__TB_GTM_ORDERS_GERP_R_IF_OS	OB_00030	V_L0TMS__TB_GTM_ORDERS_GERP_R_IF_OS	ATTRIBUTE20	235	YES	STRING
OB_00030.V_L0TMS__TB_GTM_ORDERS_GERP_R_IF_OS	OB_00030	V_L0TMS__TB_GTM_ORDERS_GERP_R_IF_OS	IO_TYPE_CODE	236	YES	STRING
OB_00030.V_L0TMS__TB_GTM_ORDERS_GERP_R_IF_OS	OB_00030	V_L0TMS__TB_GTM_ORDERS_GERP_R_IF_OS	SEND_FLAG	237	YES	STRING
OB_00030.V_L0TMS__TB_GTM_ORDERS_GERP_R_IF_OS	OB_00030	V_L0TMS__TB_GTM_ORDERS_GERP_R_IF_OS	TRANSFER_FLAG	238	YES	STRING
OB_00030.V_L0TMS__TB_GTM_ORDERS_GERP_R_IF_OS	OB_00030	V_L0TMS__TB_GTM_ORDERS_GERP_R_IF_OS	TRANSFER_DATE	239	YES	DATETIME
OB_00030.V_L0TMS__TB_GTM_ORDERS_GERP_R_IF_OS	OB_00030	V_L0TMS__TB_GTM_ORDERS_GERP_R_IF_OS	GLOBAL_UNIQUE_ID	240	YES	STRING
OB_00030.V_L0TMS__TB_GTM_ORDERS_GERP_R_IF_OS	OB_00030	V_L0TMS__TB_GTM_ORDERS_GERP_R_IF_OS	BAM_SEQUENCE_ID	241	YES	NUMERIC
OB_00030.V_L0TMS__TB_GTM_ORDERS_GERP_R_IF_OS	OB_00030	V_L0TMS__TB_GTM_ORDERS_GERP_R_IF_OS	OLD_GLOBAL_UNIQUE_ID	242	YES	STRING
OB_00030.V_L0TMS__TB_GTM_ORDERS_GERP_R_IF_OS	OB_00030	V_L0TMS__TB_GTM_ORDERS_GERP_R_IF_OS	EDI_SENDER_ID	243	YES	STRING
OB_00030.V_L0TMS__TB_GTM_ORDERS_GERP_R_IF_OS	OB_00030	V_L0TMS__TB_GTM_ORDERS_GERP_R_IF_OS	EDI_RECEIVER_ID	244	YES	STRING
OB_00030.V_L0TMS__TB_GTM_ORDERS_GERP_R_IF_OS	OB_00030	V_L0TMS__TB_GTM_ORDERS_GERP_R_IF_OS	EDI_SUB_SENDER_ID	245	YES	STRING
OB_00030.V_L0TMS__TB_GTM_ORDERS_GERP_R_IF_OS	OB_00030	V_L0TMS__TB_GTM_ORDERS_GERP_R_IF_OS	EDI_SUB_RECEIVER_ID	246	YES	STRING
OB_00030.V_L0TMS__TB_GTM_ORDERS_GERP_R_IF_OS	OB_00030	V_L0TMS__TB_GTM_ORDERS_GERP_R_IF_OS	EDI_ENVELOPE_NO	247	YES	STRING
OB_00030.V_L0TMS__TB_GTM_ORDERS_GERP_R_IF_OS	OB_00030	V_L0TMS__TB_GTM_ORDERS_GERP_R_IF_OS	EDI_GROUP_NO	248	YES	STRING
OB_00030.V_L0TMS__TB_GTM_ORDERS_GERP_R_IF_OS	OB_00030	V_L0TMS__TB_GTM_ORDERS_GERP_R_IF_OS	EDI_TRANSACTION_NO	249	YES	STRING
OB_00030.V_L0TMS__TB_GTM_ORDERS_GERP_R_IF_OS	OB_00030	V_L0TMS__TB_GTM_ORDERS_GERP_R_IF_OS	STEP_CODE	250	YES	STRING
OB_00030.V_L0TMS__TB_GTM_ORDERS_GERP_R_IF_OS	OB_00030	V_L0TMS__TB_GTM_ORDERS_GERP_R_IF_OS	STEP_STATUS_CODE	251	YES	STRING
OB_00030.V_L0TMS__TB_GTM_ORDERS_GERP_R_IF_OS	OB_00030	V_L0TMS__TB_GTM_ORDERS_GERP_R_IF_OS	EDI_INTERFACE_DATE	252	YES	DATETIME
OB_00030.V_L0TMS__TB_GTM_ORDERS_GERP_R_IF_OS	OB_00030	V_L0TMS__TB_GTM_ORDERS_GERP_R_IF_OS	EDI_FUNC_ACKNOWLDG_NO	253	YES	STRING
OB_00030.V_L0TMS__TB_GTM_ORDERS_GERP_R_IF_OS	OB_00030	V_L0TMS__TB_GTM_ORDERS_GERP_R_IF_OS	EDI_FUNC_ACKNOWLDG_DATE	254	YES	DATETIME
OB_00030.V_L0TMS__TB_GTM_ORDERS_GERP_R_IF_OS	OB_00030	V_L0TMS__TB_GTM_ORDERS_GERP_R_IF_OS	EDI_FUNC_ACKNOWLDG_STATUS_CODE	255	YES	STRING
OB_00030.V_L0TMS__TB_GTM_ORDERS_GERP_R_IF_OS	OB_00030	V_L0TMS__TB_GTM_ORDERS_GERP_R_IF_OS	EDI_ERROR_CODE	256	YES	STRING
OB_00030.V_L0TMS__TB_GTM_ORDERS_GERP_R_IF_OS	OB_00030	V_L0TMS__TB_GTM_ORDERS_GERP_R_IF_OS	EDI_ERROR_MESSAGE_TEXT	257	YES	STRING
OB_00030.V_L0TMS__TB_GTM_ORDERS_GERP_R_IF_OS	OB_00030	V_L0TMS__TB_GTM_ORDERS_GERP_R_IF_OS	AFFILIATE_CODE	258	YES	STRING
OB_00030.V_L0TMS__TB_GTM_ORDERS_GERP_R_IF_OS	OB_00030	V_L0TMS__TB_GTM_ORDERS_GERP_R_IF_OS	LEGAL_ENTITY_NAME	259	YES	STRING
OB_00030.V_L0TMS__TB_GTM_ORDERS_GERP_R_IF_OS	OB_00030	V_L0TMS__TB_GTM_ORDERS_GERP_R_IF_OS	DOCUMENT_TYPE_CODE	260	YES	STRING
OB_00030.V_L0TMS__TB_GTM_ORDERS_GERP_R_IF_OS	OB_00030	V_L0TMS__TB_GTM_ORDERS_GERP_R_IF_OS	DIRECTION_CODE	261	YES	STRING
OB_00030.V_L0TMS__TB_GTM_ORDERS_GERP_R_IF_OS	OB_00030	V_L0TMS__TB_GTM_ORDERS_GERP_R_IF_OS	VALIDATION_CODE	262	YES	STRING
OB_00030.V_L0TMS__TB_GTM_ORDERS_GERP_R_IF_OS	OB_00030	V_L0TMS__TB_GTM_ORDERS_GERP_R_IF_OS	EDI_PARTNER_ID	263	YES	STRING
OB_00030.V_L0TMS__TB_GTM_ORDERS_GERP_R_IF_OS	OB_00030	V_L0TMS__TB_GTM_ORDERS_GERP_R_IF_OS	EDI_NO	264	YES	STRING
OB_00030.V_L0TMS__TB_GTM_ORDERS_GERP_R_IF_OS	OB_00030	V_L0TMS__TB_GTM_ORDERS_GERP_R_IF_OS	PACKING_CODE	265	YES	STRING
OB_00030.V_L0TMS__TB_GTM_ORDERS_GERP_R_IF_OS	OB_00030	V_L0TMS__TB_GTM_ORDERS_GERP_R_IF_OS	PACKING_TYPE_CODE_DESC	266	YES	STRING
OB_00030.V_L0TMS__TB_GTM_ORDERS_GERP_R_IF_OS	OB_00030	V_L0TMS__TB_GTM_ORDERS_GERP_R_IF_OS	FOB_POINT_CODE	267	YES	STRING
OB_00030.V_L0TMS__TB_GTM_ORDERS_GERP_R_IF_OS	OB_00030	V_L0TMS__TB_GTM_ORDERS_GERP_R_IF_OS	LABEL_CONSIGNEE_NAME	268	YES	STRING
OB_00030.V_L0TMS__TB_GTM_ORDERS_GERP_R_IF_OS	OB_00030	V_L0TMS__TB_GTM_ORDERS_GERP_R_IF_OS	LABEL_CONSIGNEE_POSTAL_CODE	269	YES	STRING
OB_00030.V_L0TMS__TB_GTM_ORDERS_GERP_R_IF_OS	OB_00030	V_L0TMS__TB_GTM_ORDERS_GERP_R_IF_OS	LABEL_ACC_MODEL_FLAG	270	YES	STRING
OB_00030.V_L0TMS__TB_GTM_ORDERS_GERP_R_IF_OS	OB_00030	V_L0TMS__TB_GTM_ORDERS_GERP_R_IF_OS	SECOND_PO_NO	271	YES	STRING
OB_00030.V_L0TMS__TB_GTM_ORDERS_GERP_R_IF_OS	OB_00030	V_L0TMS__TB_GTM_ORDERS_GERP_R_IF_OS	CUSTOMER_INVOICE_NO	272	YES	STRING
OB_00030.V_L0TMS__TB_GTM_ORDERS_GERP_R_IF_OS	OB_00030	V_L0TMS__TB_GTM_ORDERS_GERP_R_IF_OS	EDI_CUST_DEPT_CODE	273	YES	STRING
OB_00030.V_L0TMS__TB_GTM_ORDERS_GERP_R_IF_OS	OB_00030	V_L0TMS__TB_GTM_ORDERS_GERP_R_IF_OS	EDI_CUST_DIV_CODE	274	YES	STRING
OB_00030.V_L0TMS__TB_GTM_ORDERS_GERP_R_IF_OS	OB_00030	V_L0TMS__TB_GTM_ORDERS_GERP_R_IF_OS	EDI_REMARK_DESC	275	YES	STRING
OB_00030.V_L0TMS__TB_GTM_ORDERS_GERP_R_IF_OS	OB_00030	V_L0TMS__TB_GTM_ORDERS_GERP_R_IF_OS	CONSIGNEE_COUNTRY_CODE	276	YES	STRING
OB_00030.V_L0TMS__TB_GTM_ORDERS_GERP_R_IF_OS	OB_00030	V_L0TMS__TB_GTM_ORDERS_GERP_R_IF_OS	SPLIT_YN	277	YES	STRING
OB_00030.V_L0TMS__TB_GTM_ORDERS_GERP_R_IF_OS	OB_00030	V_L0TMS__TB_GTM_ORDERS_GERP_R_IF_OS	SPLIT_SEQ	278	YES	NUMERIC
OB_00030.V_L0TMS__TB_GTM_ORDERS_GERP_R_IF_OS	OB_00030	V_L0TMS__TB_GTM_ORDERS_GERP_R_IF_OS	ERROR_MSG	279	YES	STRING
OB_00030.V_L0TMS__TB_GTM_ORDERS_GERP_R_IF_OS	OB_00030	V_L0TMS__TB_GTM_ORDERS_GERP_R_IF_OS	OCS_TRANS_DATE	280	YES	DATETIME
OB_00030.V_L0TMS__TB_GTM_ORDERS_GERP_R_IF_OS	OB_00030	V_L0TMS__TB_GTM_ORDERS_GERP_R_IF_OS	LOCATOR	281	YES	STRING
OB_00030.V_L0TMS__TB_GTM_ORDERS_GERP_R_IF_OS	OB_00030	V_L0TMS__TB_GTM_ORDERS_GERP_R_IF_OS	TRANSFER_LOCATOR	282	YES	STRING
OB_00030.V_L0TMS__TB_GTM_ORDERS_GERP_R_IF_OS	OB_00030	V_L0TMS__TB_GTM_ORDERS_GERP_R_IF_OS	TRANSACTION_FLAG	283	YES	STRING
OB_00030.V_L0TMS__TB_GTM_ORDERS_GERP_R_IF_OS	OB_00030	V_L0TMS__TB_GTM_ORDERS_GERP_R_IF_OS	SYS_LAST_UPDATE_DATE	284	YES	DATETIME
OB_00030.V_L0TMS__TB_GTM_ORDERS_GERP_R_IF_OS	OB_00030	V_L0TMS__TB_GTM_ORDERS_GERP_R_IF_OS	EDI_CUST_PART_NO	285	YES	STRING
OB_00030.V_L0TMS__TB_GTM_ORDERS_GERP_R_IF_OS	OB_00030	V_L0TMS__TB_GTM_ORDERS_GERP_R_IF_OS	EDI_CUST_PART_DESC	286	YES	STRING
OB_00030.V_L0TMS__TB_GTM_ORDERS_GERP_R_IF_OS	OB_00030	V_L0TMS__TB_GTM_ORDERS_GERP_R_IF_OS	EDI_PRICE_LIST	287	YES	STRING
OB_00030.V_L0TMS__TB_GTM_ORDERS_GERP_R_IF_OS	OB_00030	V_L0TMS__TB_GTM_ORDERS_GERP_R_IF_OS	EDI_CUST_REF	288	YES	STRING
OB_00030.V_L0TMS__TB_GTM_ORDERS_GERP_R_IF_OS	OB_00030	V_L0TMS__TB_GTM_ORDERS_GERP_R_IF_OS	DELIVERY_NO	289	YES	STRING
OB_00030.V_L0TMS__TB_GTM_ORDERS_GERP_R_IF_OS	OB_00030	V_L0TMS__TB_GTM_ORDERS_GERP_R_IF_OS	DELIVERY_ID	290	YES	NUMERIC
OB_00030.V_L0TMS__TB_GTM_ORDERS_GERP_R_IF_OS	OB_00030	V_L0TMS__TB_GTM_ORDERS_GERP_R_IF_OS	SHIPPING_SERVICE_LEVEL	291	YES	STRING
OB_00030.V_L0TMS__TB_GTM_ORDERS_GERP_R_IF_OS	OB_00030	V_L0TMS__TB_GTM_ORDERS_GERP_R_IF_OS	PRICE_CONCEAL_FLAG	292	YES	STRING
OB_00030.V_L0TMS__TB_GTM_ORDERS_GERP_R_IF_OS	OB_00030	V_L0TMS__TB_GTM_ORDERS_GERP_R_IF_OS	ORIGINAL_PART_NO	293	YES	STRING
OB_00030.V_L0TMS__TB_GTM_ORDERS_GERP_R_IF_OS	OB_00030	V_L0TMS__TB_GTM_ORDERS_GERP_R_IF_OS	EDI_STORE_CD	294	YES	STRING
OB_00030.V_L0TMS__TB_GTM_ORDERS_GERP_R_IF_OS	OB_00030	V_L0TMS__TB_GTM_ORDERS_GERP_R_IF_OS	EDI_RETURN_NAME	295	YES	STRING
OB_00030.V_L0TMS__TB_GTM_ORDERS_GERP_R_IF_OS	OB_00030	V_L0TMS__TB_GTM_ORDERS_GERP_R_IF_OS	EDI_PACKLIST_TAG	296	YES	STRING
OB_00030.V_L0TMS__TB_GTM_ORDERS_GERP_R_IF_OS	OB_00030	V_L0TMS__TB_GTM_ORDERS_GERP_R_IF_OS	EDI_SUB_PART_NO	297	YES	STRING
OB_00030.V_L0TMS__TB_GTM_ORDERS_GERP_R_IF_OS	OB_00030	V_L0TMS__TB_GTM_ORDERS_GERP_R_IF_OS	EDI_RISK_DESC	298	YES	STRING
OB_00030.V_L0TMS__TB_GTM_ORDERS_GERP_R_IF_OS	OB_00030	V_L0TMS__TB_GTM_ORDERS_GERP_R_IF_OS	EDI_BUYING_PARTY	299	YES	STRING
OB_00030.V_L0TMS__TB_GTM_ORDERS_GERP_R_IF_OS	OB_00030	V_L0TMS__TB_GTM_ORDERS_GERP_R_IF_OS	MQ_TRANSFER_DATE	300	YES	DATETIME
OB_00030.V_L0TMS__TB_GTM_ORDERS_GERP_R_IF_OS	OB_00030	V_L0TMS__TB_GTM_ORDERS_GERP_R_IF_OS	NF_BOOKING_FLAG	301	YES	STRING
OB_00030.V_L0TMS__TB_GTM_ORDERS_GERP_R_IF_OS	OB_00030	V_L0TMS__TB_GTM_ORDERS_GERP_R_IF_OS	PIS_AMT	302	YES	NUMERIC
OB_00030.V_L0TMS__TB_GTM_ORDERS_GERP_R_IF_OS	OB_00030	V_L0TMS__TB_GTM_ORDERS_GERP_R_IF_OS	COFINS_AMT	303	YES	NUMERIC
OB_00030.V_L0TMS__TB_GTM_ORDERS_GERP_R_IF_OS	OB_00030	V_L0TMS__TB_GTM_ORDERS_GERP_R_IF_OS	IPI_AMT	304	YES	NUMERIC
OB_00030.V_L0TMS__TB_GTM_ORDERS_GERP_R_IF_OS	OB_00030	V_L0TMS__TB_GTM_ORDERS_GERP_R_IF_OS	ICMS_AMT	305	YES	NUMERIC
OB_00030.V_L0TMS__TB_GTM_ORDERS_GERP_R_IF_OS	OB_00030	V_L0TMS__TB_GTM_ORDERS_GERP_R_IF_OS	ICMS_ST_AMT	306	YES	NUMERIC
OB_00030.V_L0TMS__TB_GTM_ORDERS_GERP_R_IF_OS	OB_00030	V_L0TMS__TB_GTM_ORDERS_GERP_R_IF_OS	NET_PRICE	307	YES	NUMERIC
OB_00030.V_L0TMS__TB_GTM_ORDERS_GERP_R_IF_OS	OB_00030	V_L0TMS__TB_GTM_ORDERS_GERP_R_IF_OS	SHIP_TO_BIZ_REGISTER_NO	308	YES	STRING
OB_00030.V_L0TMS__TB_GTM_ORDERS_GERP_R_IF_OS	OB_00030	V_L0TMS__TB_GTM_ORDERS_GERP_R_IF_OS	SHIP_TO_TAX_OFFICE_ID	309	YES	STRING
OB_00030.V_L0TMS__TB_GTM_ORDERS_GERP_R_IF_OS	OB_00030	V_L0TMS__TB_GTM_ORDERS_GERP_R_IF_OS	ATTRIBUTE21	310	YES	STRING
OB_00030.V_L0TMS__TB_GTM_ORDERS_GERP_R_IF_OS	OB_00030	V_L0TMS__TB_GTM_ORDERS_GERP_R_IF_OS	ATTRIBUTE22	311	YES	STRING
OB_00030.V_L0TMS__TB_GTM_ORDERS_GERP_R_IF_OS	OB_00030	V_L0TMS__TB_GTM_ORDERS_GERP_R_IF_OS	ATTRIBUTE23	312	YES	STRING
OB_00030.V_L0TMS__TB_GTM_ORDERS_GERP_R_IF_OS	OB_00030	V_L0TMS__TB_GTM_ORDERS_GERP_R_IF_OS	ATTRIBUTE24	313	YES	STRING
OB_00030.V_L0TMS__TB_GTM_ORDERS_GERP_R_IF_OS	OB_00030	V_L0TMS__TB_GTM_ORDERS_GERP_R_IF_OS	ATTRIBUTE25	314	YES	STRING
OB_00030.V_L0TMS__TB_GTM_ORDERS_GERP_R_IF_OS	OB_00030	V_L0TMS__TB_GTM_ORDERS_GERP_R_IF_OS	ATTRIBUTE26	315	YES	STRING
OB_00030.V_L0TMS__TB_GTM_ORDERS_GERP_R_IF_OS	OB_00030	V_L0TMS__TB_GTM_ORDERS_GERP_R_IF_OS	ATTRIBUTE27	316	YES	STRING
OB_00030.V_L0TMS__TB_GTM_ORDERS_GERP_R_IF_OS	OB_00030	V_L0TMS__TB_GTM_ORDERS_GERP_R_IF_OS	ATTRIBUTE28	317	YES	STRING
OB_00030.V_L0TMS__TB_GTM_ORDERS_GERP_R_IF_OS	OB_00030	V_L0TMS__TB_GTM_ORDERS_GERP_R_IF_OS	ATTRIBUTE29	318	YES	STRING
OB_00030.V_L0TMS__TB_GTM_ORDERS_GERP_R_IF_OS	OB_00030	V_L0TMS__TB_GTM_ORDERS_GERP_R_IF_OS	ATTRIBUTE30	319	YES	STRING
OB_00030.V_L0TMS__TB_GTM_ORDERS_GERP_R_IF_OS	OB_00030	V_L0TMS__TB_GTM_ORDERS_GERP_R_IF_OS	TMS_PRCS_FLAG	320	YES	STRING
OB_00030.V_L0TMS__TB_GTM_ORDERS_GERP_R_IF_OS	OB_00030	V_L0TMS__TB_GTM_ORDERS_GERP_R_IF_OS	TMS_PRCS_DATE	321	YES	DATETIME
OB_00030.V_L0TMS__TB_GTM_ORDERS_GERP_R_IF_OS	OB_00030	V_L0TMS__TB_GTM_ORDERS_GERP_R_IF_OS	ORI_INTERFACE_ID	322	YES	NUMERIC
OB_00030.V_L0TMS__TB_GTM_ORDERS_GERP_R_IF_OS	OB_00030	V_L0TMS__TB_GTM_ORDERS_GERP_R_IF_OS	TAX_INCLUSIVE_PRICE	323	YES	NUMERIC
OB_00030.V_L0TMS__TB_GTM_ORDERS_GERP_R_IF_OS	OB_00030	V_L0TMS__TB_GTM_ORDERS_GERP_R_IF_OS	TAX_EXCLUSIVE_PRICE	324	YES	NUMERIC
OB_00030.V_L0TMS__TB_GTM_ORDERS_GERP_R_IF_OS	OB_00030	V_L0TMS__TB_GTM_ORDERS_GERP_R_IF_OS	TAX_AMT_BY_PICK	325	YES	NUMERIC
OB_00030.V_L0TMS__TB_GTM_ORDERS_GERP_R_IF_OS	OB_00030	V_L0TMS__TB_GTM_ORDERS_GERP_R_IF_OS	RAD_FROM	326	YES	DATETIME
OB_00030.V_L0TMS__TB_GTM_ORDERS_GERP_R_IF_OS	OB_00030	V_L0TMS__TB_GTM_ORDERS_GERP_R_IF_OS	RAD_TO	327	YES	DATETIME
OB_00030.V_L0TMS__TB_GTM_ORDERS_GERP_R_IF_OS	OB_00030	V_L0TMS__TB_GTM_ORDERS_GERP_R_IF_OS	PAD_DF	328	YES	DATETIME
OB_00030.V_L0TMS__TB_GTM_ORDERS_GERP_R_IF_OS	OB_00030	V_L0TMS__TB_GTM_ORDERS_GERP_R_IF_OS	APPOINTMENT_REMARK	329	YES	STRING
OB_00030.V_L0TMS__TB_GTM_ORDERS_GERP_R_IF_OS	OB_00030	V_L0TMS__TB_GTM_ORDERS_GERP_R_IF_OS	ATTRIBUTE31	330	YES	STRING
OB_00030.V_L0TMS__TB_GTM_ORDERS_GERP_R_IF_OS	OB_00030	V_L0TMS__TB_GTM_ORDERS_GERP_R_IF_OS	ATTRIBUTE32	331	YES	STRING
OB_00030.V_L0TMS__TB_GTM_ORDERS_GERP_R_IF_OS	OB_00030	V_L0TMS__TB_GTM_ORDERS_GERP_R_IF_OS	ATTRIBUTE33	332	YES	STRING
OB_00030.V_L0TMS__TB_GTM_ORDERS_GERP_R_IF_OS	OB_00030	V_L0TMS__TB_GTM_ORDERS_GERP_R_IF_OS	ATTRIBUTE34	333	YES	STRING
OB_00030.V_L0TMS__TB_GTM_ORDERS_GERP_R_IF_OS	OB_00030	V_L0TMS__TB_GTM_ORDERS_GERP_R_IF_OS	ATTRIBUTE35	334	YES	STRING
OB_00030.V_L0TMS__TB_GTM_ORDERS_GERP_R_IF_OS	OB_00030	V_L0TMS__TB_GTM_ORDERS_GERP_R_IF_OS	ATTRIBUTE36	335	YES	STRING
OB_00030.V_L0TMS__TB_GTM_ORDERS_GERP_R_IF_OS	OB_00030	V_L0TMS__TB_GTM_ORDERS_GERP_R_IF_OS	ATTRIBUTE37	336	YES	STRING
OB_00030.V_L0TMS__TB_GTM_ORDERS_GERP_R_IF_OS	OB_00030	V_L0TMS__TB_GTM_ORDERS_GERP_R_IF_OS	ATTRIBUTE38	337	YES	STRING
OB_00030.V_L0TMS__TB_GTM_ORDERS_GERP_R_IF_OS	OB_00030	V_L0TMS__TB_GTM_ORDERS_GERP_R_IF_OS	ATTRIBUTE39	338	YES	STRING
OB_00030.V_L0TMS__TB_GTM_ORDERS_GERP_R_IF_OS	OB_00030	V_L0TMS__TB_GTM_ORDERS_GERP_R_IF_OS	ATTRIBUTE40	339	YES	STRING
OB_00030.V_L0TMS__TB_GTM_ORDERS_GERP_R_IF_OS	OB_00030	V_L0TMS__TB_GTM_ORDERS_GERP_R_IF_OS	CUST_EDI_PARTNER_ID	340	YES	STRING
OB_00030.V_L0TMS__TB_GTM_ORDERS_GERP_R_IF_OS	OB_00030	V_L0TMS__TB_GTM_ORDERS_GERP_R_IF_OS	MESSAGE_FUNCTION_CODE	341	YES	STRING
OB_00030.V_L0TMS__TB_GTM_ORDERS_GERP_R_IF_OS	OB_00030	V_L0TMS__TB_GTM_ORDERS_GERP_R_IF_OS	CUST_EDI_INTERFACE_DATE	342	YES	DATETIME
OB_00030.V_L0TMS__TB_GTM_ORDERS_GERP_R_IF_OS	OB_00030	V_L0TMS__TB_GTM_ORDERS_GERP_R_IF_OS	CUST_EDI_ENVELOPE_NO	343	YES	STRING
OB_00030.V_L0TMS__TB_GTM_ORDERS_GERP_R_IF_OS	OB_00030	V_L0TMS__TB_GTM_ORDERS_GERP_R_IF_OS	CUST_EDI_GROUP_NO	344	YES	STRING
OB_00030.V_L0TMS__TB_GTM_ORDERS_GERP_R_IF_OS	OB_00030	V_L0TMS__TB_GTM_ORDERS_GERP_R_IF_OS	CUST_EDI_TRANSACTION_NO	345	YES	STRING
OB_00030.V_L0TMS__TB_GTM_ORDERS_GERP_R_IF_OS	OB_00030	V_L0TMS__TB_GTM_ORDERS_GERP_R_IF_OS	SUPPLIER_EAN_CODE	346	YES	STRING
OB_00030.V_L0TMS__TB_GTM_ORDERS_GERP_R_IF_OS	OB_00030	V_L0TMS__TB_GTM_ORDERS_GERP_R_IF_OS	ORDER_TYPE_CODE	347	YES	STRING
OB_00030.V_L0TMS__TB_GTM_ORDERS_GERP_R_IF_OS	OB_00030	V_L0TMS__TB_GTM_ORDERS_GERP_R_IF_OS	CUST_ORDER_NO	348	YES	STRING
OB_00030.V_L0TMS__TB_GTM_ORDERS_GERP_R_IF_OS	OB_00030	V_L0TMS__TB_GTM_ORDERS_GERP_R_IF_OS	CUST_ORDER_DATE	349	YES	DATETIME
OB_00030.V_L0TMS__TB_GTM_ORDERS_GERP_R_IF_OS	OB_00030	V_L0TMS__TB_GTM_ORDERS_GERP_R_IF_OS	REQUEST_DELIVERY_FROM_YYYYMMDD	350	YES	STRING
OB_00030.V_L0TMS__TB_GTM_ORDERS_GERP_R_IF_OS	OB_00030	V_L0TMS__TB_GTM_ORDERS_GERP_R_IF_OS	REQUEST_DELIVERY_TO_YYYYMMDD	351	YES	STRING
OB_00030.V_L0TMS__TB_GTM_ORDERS_GERP_R_IF_OS	OB_00030	V_L0TMS__TB_GTM_ORDERS_GERP_R_IF_OS	ADVERTISE_YYYYMMDD	352	YES	STRING
OB_00030.V_L0TMS__TB_GTM_ORDERS_GERP_R_IF_OS	OB_00030	V_L0TMS__TB_GTM_ORDERS_GERP_R_IF_OS	DEAL_NO	353	YES	STRING
OB_00030.V_L0TMS__TB_GTM_ORDERS_GERP_R_IF_OS	OB_00030	V_L0TMS__TB_GTM_ORDERS_GERP_R_IF_OS	CUST_BUYER_CODE	354	YES	STRING
OB_00030.V_L0TMS__TB_GTM_ORDERS_GERP_R_IF_OS	OB_00030	V_L0TMS__TB_GTM_ORDERS_GERP_R_IF_OS	CUST_SHIP_TO_CODE	355	YES	STRING
OB_00030.V_L0TMS__TB_GTM_ORDERS_GERP_R_IF_OS	OB_00030	V_L0TMS__TB_GTM_ORDERS_GERP_R_IF_OS	CUSTOMER_ORDER_LINE_NO	356	YES	NUMERIC
OB_00030.V_L0TMS__TB_GTM_ORDERS_GERP_R_IF_OS	OB_00030	V_L0TMS__TB_GTM_ORDERS_GERP_R_IF_OS	UNIVERSAL_PRODUCT_CODE	357	YES	STRING
OB_00030.V_L0TMS__TB_GTM_ORDERS_GERP_R_IF_OS	OB_00030	V_L0TMS__TB_GTM_ORDERS_GERP_R_IF_OS	CUST_MODEL_EAN_CODE	358	YES	STRING
OB_00030.V_L0TMS__TB_GTM_ORDERS_GERP_R_IF_OS	OB_00030	V_L0TMS__TB_GTM_ORDERS_GERP_R_IF_OS	CUST_UOM_CODE	359	YES	STRING
OB_00030.V_L0TMS__TB_GTM_ORDERS_GERP_R_IF_OS	OB_00030	V_L0TMS__TB_GTM_ORDERS_GERP_R_IF_OS	CUST_UNIT_PRICE_CODE	360	YES	STRING
OB_00030.V_L0TMS__TB_GTM_ORDERS_GERP_R_IF_OS	OB_00030	V_L0TMS__TB_GTM_ORDERS_GERP_R_IF_OS	CUST_UNIT_NET_PRICE	361	YES	NUMERIC
OB_00030.V_L0TMS__TB_GTM_ORDERS_GERP_R_IF_OS	OB_00030	V_L0TMS__TB_GTM_ORDERS_GERP_R_IF_OS	CUST_ORDER_QTY	362	YES	NUMERIC
OB_00030.V_L0TMS__TB_GTM_ORDERS_GERP_R_IF_OS	OB_00030	V_L0TMS__TB_GTM_ORDERS_GERP_R_IF_OS	CUSTOMER_ITEM_CODE	363	YES	STRING
OB_00030.V_L0TMS__TB_GTM_ORDERS_GERP_R_IF_OS	OB_00030	V_L0TMS__TB_GTM_ORDERS_GERP_R_IF_OS	CUST_RETAIL_PRICE	364	YES	NUMERIC
OB_00030.V_L0TMS__TB_GTM_ORDERS_GERP_R_IF_OS	OB_00030	V_L0TMS__TB_GTM_ORDERS_GERP_R_IF_OS	SHIP_TO_BIZ_TYPE	365	YES	STRING
OB_00030.V_L0TMS__TB_GTM_ORDERS_GERP_R_IF_OS	OB_00030	V_L0TMS__TB_GTM_ORDERS_GERP_R_IF_OS	BILL_TO_TAX_OFFICE_ID	366	YES	STRING
OB_00030.V_L0TMS__TB_GTM_ORDERS_GERP_R_IF_OS	OB_00030	V_L0TMS__TB_GTM_ORDERS_GERP_R_IF_OS	BILL_TO_BIZ_TYPE	367	YES	STRING
OB_00030.V_L0TMS__TB_GTM_ORDERS_GERP_R_IF_OS	OB_00030	V_L0TMS__TB_GTM_ORDERS_GERP_R_IF_OS	CONSIGNEE_BIZ_REGISTER_NO	368	YES	STRING
OB_00030.V_L0TMS__TB_GTM_ORDERS_GERP_R_IF_OS	OB_00030	V_L0TMS__TB_GTM_ORDERS_GERP_R_IF_OS	CONSIGNEE_TAX_OFFICE_ID	369	YES	STRING
OB_00030.V_L0TMS__TB_GTM_ORDERS_GERP_R_IF_OS	OB_00030	V_L0TMS__TB_GTM_ORDERS_GERP_R_IF_OS	CONSIGNEE_BIZ_TYPE	370	YES	STRING
OB_00030.V_L0TMS__TB_GTM_ORDERS_GERP_R_IF_OS	OB_00030	V_L0TMS__TB_GTM_ORDERS_GERP_R_IF_OS	CREATE_EMPLOYEE_NAME	371	YES	STRING
OB_00030.V_L0TMS__TB_GTM_ORDERS_GERP_R_IF_OS	OB_00030	V_L0TMS__TB_GTM_ORDERS_GERP_R_IF_OS	ORIGIN	372	YES	STRING
OB_00030.V_L0TMS__TB_GTM_ORDERS_GERP_R_IF_OS	OB_00030	V_L0TMS__TB_GTM_ORDERS_GERP_R_IF_OS	NET_AMOUNT	373	YES	NUMERIC
OB_00030.V_L0TMS__TB_GTM_ORDERS_GERP_R_IF_OS	OB_00030	V_L0TMS__TB_GTM_ORDERS_GERP_R_IF_OS	ORIG_ORD_SHIP_HOLD_FLAG	374	YES	STRING
OB_00030.V_L0TMS__TB_GTM_ORDERS_GERP_R_IF_OS	OB_00030	V_L0TMS__TB_GTM_ORDERS_GERP_R_IF_OS	ORIG_TO_RELATIVE_FLAG	375	YES	STRING
OB_00030.V_L0TMS__TB_GTM_ORDERS_GERP_R_IF_OS	OB_00030	V_L0TMS__TB_GTM_ORDERS_GERP_R_IF_OS	CUSTOMER_MODEL_DESC	376	YES	STRING
OB_00030.V_L0TMS__TB_GTM_ORDERS_GERP_R_IF_OS	OB_00030	V_L0TMS__TB_GTM_ORDERS_GERP_R_IF_OS	PROJECT_CODE	377	YES	STRING
OB_00030.V_L0TMS__TB_GTM_ORDERS_GERP_R_IF_OS	OB_00030	V_L0TMS__TB_GTM_ORDERS_GERP_R_IF_OS	ATTRIBUTE41	378	YES	STRING
OB_00030.V_L0TMS__TB_GTM_ORDERS_GERP_R_IF_OS	OB_00030	V_L0TMS__TB_GTM_ORDERS_GERP_R_IF_OS	ATTRIBUTE42	379	YES	STRING
OB_00030.V_L0TMS__TB_GTM_ORDERS_GERP_R_IF_OS	OB_00030	V_L0TMS__TB_GTM_ORDERS_GERP_R_IF_OS	ATTRIBUTE43	380	YES	STRING
OB_00030.V_L0TMS__TB_GTM_ORDERS_GERP_R_IF_OS	OB_00030	V_L0TMS__TB_GTM_ORDERS_GERP_R_IF_OS	ATTRIBUTE44	381	YES	STRING
OB_00030.V_L0TMS__TB_GTM_ORDERS_GERP_R_IF_OS	OB_00030	V_L0TMS__TB_GTM_ORDERS_GERP_R_IF_OS	ATTRIBUTE45	382	YES	STRING
OB_00030.V_L0TMS__TB_GTM_ORDERS_GERP_R_IF_OS	OB_00030	V_L0TMS__TB_GTM_ORDERS_GERP_R_IF_OS	ATTRIBUTE46	383	YES	STRING
OB_00030.V_L0TMS__TB_GTM_ORDERS_GERP_R_IF_OS	OB_00030	V_L0TMS__TB_GTM_ORDERS_GERP_R_IF_OS	ATTRIBUTE47	384	YES	STRING
OB_00030.V_L0TMS__TB_GTM_ORDERS_GERP_R_IF_OS	OB_00030	V_L0TMS__TB_GTM_ORDERS_GERP_R_IF_OS	ATTRIBUTE48	385	YES	STRING
OB_00030.V_L0TMS__TB_GTM_ORDERS_GERP_R_IF_OS	OB_00030	V_L0TMS__TB_GTM_ORDERS_GERP_R_IF_OS	ATTRIBUTE49	386	YES	STRING
OB_00030.V_L0TMS__TB_GTM_ORDERS_GERP_R_IF_OS	OB_00030	V_L0TMS__TB_GTM_ORDERS_GERP_R_IF_OS	ATTRIBUTE50	387	YES	STRING
OB_00030.V_L0TMS__TB_GTM_ORDERS_GERP_R_IF_OS	OB_00030	V_L0TMS__TB_GTM_ORDERS_GERP_R_IF_OS	ATTRIBUTE51	388	YES	STRING
OB_00030.V_L0TMS__TB_GTM_ORDERS_GERP_R_IF_OS	OB_00030	V_L0TMS__TB_GTM_ORDERS_GERP_R_IF_OS	ATTRIBUTE52	389	YES	STRING
OB_00030.V_L0TMS__TB_GTM_ORDERS_GERP_R_IF_OS	OB_00030	V_L0TMS__TB_GTM_ORDERS_GERP_R_IF_OS	ATTRIBUTE53	390	YES	STRING
OB_00030.V_L0TMS__TB_GTM_ORDERS_GERP_R_IF_OS	OB_00030	V_L0TMS__TB_GTM_ORDERS_GERP_R_IF_OS	ATTRIBUTE54	391	YES	STRING
OB_00030.V_L0TMS__TB_GTM_ORDERS_GERP_R_IF_OS	OB_00030	V_L0TMS__TB_GTM_ORDERS_GERP_R_IF_OS	ATTRIBUTE55	392	YES	STRING
OB_00030.V_L0TMS__TB_GTM_ORDERS_GERP_R_IF_OS	OB_00030	V_L0TMS__TB_GTM_ORDERS_GERP_R_IF_OS	ATTRIBUTE56	393	YES	STRING
OB_00030.V_L0TMS__TB_GTM_ORDERS_GERP_R_IF_OS	OB_00030	V_L0TMS__TB_GTM_ORDERS_GERP_R_IF_OS	ATTRIBUTE57	394	YES	STRING
OB_00030.V_L0TMS__TB_GTM_ORDERS_GERP_R_IF_OS	OB_00030	V_L0TMS__TB_GTM_ORDERS_GERP_R_IF_OS	ATTRIBUTE58	395	YES	STRING
OB_00030.V_L0TMS__TB_GTM_ORDERS_GERP_R_IF_OS	OB_00030	V_L0TMS__TB_GTM_ORDERS_GERP_R_IF_OS	ATTRIBUTE59	396	YES	STRING
OB_00030.V_L0TMS__TB_GTM_ORDERS_GERP_R_IF_OS	OB_00030	V_L0TMS__TB_GTM_ORDERS_GERP_R_IF_OS	ATTRIBUTE60	397	YES	STRING
OB_00030.V_L0TMS__STAT_T_OS	OB_00030	V_L0TMS__STAT_T_OS	ETL_LOAD_TS	1	YES	TIMESTAMP
OB_00030.V_L0TMS__STAT_T_OS	OB_00030	V_L0TMS__STAT_T_OS	STAT_ID	2	YES	INT64
OB_00030.V_L0TMS__STAT_T_OS	OB_00030	V_L0TMS__STAT_T_OS	OPT_LCK	3	YES	INT64
OB_00030.V_L0TMS__STAT_T_OS	OB_00030	V_L0TMS__STAT_T_OS	STAT_TYP_ENU	4	YES	NUMERIC
OB_00030.V_L0TMS__STAT_T_OS	OB_00030	V_L0TMS__STAT_T_OS	STAT_CD	5	YES	STRING
OB_00030.V_L0TMS__STAT_T_OS	OB_00030	V_L0TMS__STAT_T_OS	STAT_DESC	6	YES	STRING
OB_00030.V_L0TMS__STAT_T_OS	OB_00030	V_L0TMS__STAT_T_OS	SYS_RQRD_YN	7	YES	STRING
OB_00030.V_L0TMS__STAT_T_OS	OB_00030	V_L0TMS__STAT_T_OS	ACTV_YN	8	YES	STRING
OB_00030.V_L0TMS__STAT_T_OS	OB_00030	V_L0TMS__STAT_T_OS	GEN_MVMT_YN	9	YES	STRING
OB_00030.V_L0TMS__STAT_T_OS	OB_00030	V_L0TMS__STAT_T_OS	SEC_RQRD_YN	10	YES	STRING
OB_00030.V_L0TMS__STAT_T_OS	OB_00030	V_L0TMS__STAT_T_OS	STAT_SHRT_DESC	11	YES	STRING
OB_00030.V_L0TMS__STAT_T_OS	OB_00030	V_L0TMS__STAT_T_OS	ENTY_TYP_ENU	12	YES	NUMERIC
OB_00030.V_L0TMS__TFF_SRVC_EQMT_T_OS	OB_00030	V_L0TMS__TFF_SRVC_EQMT_T_OS	ETL_LOAD_TS	1	YES	TIMESTAMP
OB_00030.V_L0TMS__TFF_SRVC_EQMT_T_OS	OB_00030	V_L0TMS__TFF_SRVC_EQMT_T_OS	TFF_SRVC_EQMT_ID	2	YES	INT64
OB_00030.V_L0TMS__TFF_SRVC_EQMT_T_OS	OB_00030	V_L0TMS__TFF_SRVC_EQMT_T_OS	OPT_LCK	3	YES	NUMERIC
OB_00030.V_L0TMS__TFF_SRVC_EQMT_T_OS	OB_00030	V_L0TMS__TFF_SRVC_EQMT_T_OS	EQMT_TYP_CD	4	YES	STRING
OB_00030.V_L0TMS__TFF_SRVC_EQMT_T_OS	OB_00030	V_L0TMS__TFF_SRVC_EQMT_T_OS	PRTY	5	YES	NUMERIC
OB_00030.V_L0TMS__TFF_SRVC_EQMT_T_OS	OB_00030	V_L0TMS__TFF_SRVC_EQMT_T_OS	CRTD_DTT	6	YES	DATETIME
OB_00030.V_L0TMS__TFF_SRVC_EQMT_T_OS	OB_00030	V_L0TMS__TFF_SRVC_EQMT_T_OS	TFF_ID	7	YES	INT64
OB_00030.V_L0TMS__TFF_SRVC_EQMT_T_OS	OB_00030	V_L0TMS__TFF_SRVC_EQMT_T_OS	SRVC_CD	8	YES	STRING
OB_00030.V_L0TMS__TFF_SRVC_EQMT_T_OS	OB_00030	V_L0TMS__TFF_SRVC_EQMT_T_OS	CRTD_USR_CD	9	YES	STRING
OB_00030.V_L0TMS__TFF_SRVC_EQMT_T_OS	OB_00030	V_L0TMS__TFF_SRVC_EQMT_T_OS	UPDT_DTT	10	YES	DATETIME
OB_00030.V_L0TMS__TFF_SRVC_EQMT_T_OS	OB_00030	V_L0TMS__TFF_SRVC_EQMT_T_OS	UPDT_USR_CD	11	YES	STRING
OB_00030.V_L0TMS__TFF_SRVC_EQMT_T_OS	OB_00030	V_L0TMS__TFF_SRVC_EQMT_T_OS	OP_ZN_CD	12	YES	STRING
OB_00030.V_L0TMS__TFF_SRVC_EQMT_T_OS	OB_00030	V_L0TMS__TFF_SRVC_EQMT_T_OS	RSTC_ID	13	YES	INT64
OB_00030.V_L0TMS__CNCY_T_OS	OB_00030	V_L0TMS__CNCY_T_OS	ETL_LOAD_TS	1	YES	TIMESTAMP
OB_00030.V_L0TMS__CNCY_T_OS	OB_00030	V_L0TMS__CNCY_T_OS	CNCY_TYP	2	YES	INT64
OB_00030.V_L0TMS__CNCY_T_OS	OB_00030	V_L0TMS__CNCY_T_OS	OPT_LCK	3	YES	INT64
OB_00030.V_L0TMS__CNCY_T_OS	OB_00030	V_L0TMS__CNCY_T_OS	CNCY_CD	4	YES	STRING
OB_00030.V_L0TMS__CNCY_T_OS	OB_00030	V_L0TMS__CNCY_T_OS	CNCY_DESC	5	YES	STRING
OB_00030.V_L0TMS__CNCY_T_OS	OB_00030	V_L0TMS__CNCY_T_OS	ACTV_YN	6	YES	STRING
OB_00030.V_L0TMS__CNCY_T_OS	OB_00030	V_L0TMS__CNCY_T_OS	RNDG_PRCN	7	YES	INT64
OB_00030.V_L0TMS__CNCY_T_OS	OB_00030	V_L0TMS__CNCY_T_OS	IS_DFT_YN	8	YES	STRING
OB_00030.V_L0TMS__CNCY_T_OS	OB_00030	V_L0TMS__CNCY_T_OS	EURO_RATE	9	YES	NUMERIC
OB_00030.V_L0TMS__SHPG_LOC_T_OS	OB_00030	V_L0TMS__SHPG_LOC_T_OS	P_PTT	1	YES	DATE
OB_00030.V_L0TMS__SHPG_LOC_T_OS	OB_00030	V_L0TMS__SHPG_LOC_T_OS	ETL_LOAD_TS	2	YES	TIMESTAMP
OB_00030.V_L0TMS__SHPG_LOC_T_OS	OB_00030	V_L0TMS__SHPG_LOC_T_OS	SHPG_LOC_ID	3	YES	INT64
OB_00030.V_L0TMS__SHPG_LOC_T_OS	OB_00030	V_L0TMS__SHPG_LOC_T_OS	OPT_LCK	4	YES	INT64
OB_00030.V_L0TMS__SHPG_LOC_T_OS	OB_00030	V_L0TMS__SHPG_LOC_T_OS	SHPG_LOC_CD	5	YES	STRING
OB_00030.V_L0TMS__SHPG_LOC_T_OS	OB_00030	V_L0TMS__SHPG_LOC_T_OS	NAME	6	YES	STRING
OB_00030.V_L0TMS__SHPG_LOC_T_OS	OB_00030	V_L0TMS__SHPG_LOC_T_OS	SHPG_LOC_TYP_ENU	7	YES	INT64
OB_00030.V_L0TMS__SHPG_LOC_T_OS	OB_00030	V_L0TMS__SHPG_LOC_T_OS	ALW_DCON_YN	8	YES	STRING
OB_00030.V_L0TMS__SHPG_LOC_T_OS	OB_00030	V_L0TMS__SHPG_LOC_T_OS	APT_RQRD_YN	9	YES	STRING
OB_00030.V_L0TMS__SHPG_LOC_T_OS	OB_00030	V_L0TMS__SHPG_LOC_T_OS	BDRY_RULE_ENU	10	YES	INT64
OB_00030.V_L0TMS__SHPG_LOC_T_OS	OB_00030	V_L0TMS__SHPG_LOC_T_OS	BUS_HRS_OFST_ID	11	YES	INT64
OB_00030.V_L0TMS__SHPG_LOC_T_OS	OB_00030	V_L0TMS__SHPG_LOC_T_OS	CARR_CD	12	YES	STRING
OB_00030.V_L0TMS__SHPG_LOC_T_OS	OB_00030	V_L0TMS__SHPG_LOC_T_OS	CNSE_GRP_TYP	13	YES	INT64
OB_00030.V_L0TMS__SHPG_LOC_T_OS	OB_00030	V_L0TMS__SHPG_LOC_T_OS	CORP1_ID	14	YES	STRING
OB_00030.V_L0TMS__SHPG_LOC_T_OS	OB_00030	V_L0TMS__SHPG_LOC_T_OS	CORP2_ID	15	YES	STRING
OB_00030.V_L0TMS__SHPG_LOC_T_OS	OB_00030	V_L0TMS__SHPG_LOC_T_OS	CRTD_DTT	16	YES	DATETIME
OB_00030.V_L0TMS__SHPG_LOC_T_OS	OB_00030	V_L0TMS__SHPG_LOC_T_OS	CRTD_USR_CD	17	YES	STRING
OB_00030.V_L0TMS__SHPG_LOC_T_OS	OB_00030	V_L0TMS__SHPG_LOC_T_OS	DAYLGT_OFST	18	YES	NUMERIC
OB_00030.V_L0TMS__SHPG_LOC_T_OS	OB_00030	V_L0TMS__SHPG_LOC_T_OS	DIV_CD	19	YES	STRING
OB_00030.V_L0TMS__SHPG_LOC_T_OS	OB_00030	V_L0TMS__SHPG_LOC_T_OS	DOCK_CNTR	20	YES	NUMERIC
OB_00030.V_L0TMS__SHPG_LOC_T_OS	OB_00030	V_L0TMS__SHPG_LOC_T_OS	DRPF_ENU	21	YES	INT64
OB_00030.V_L0TMS__SHPG_LOC_T_OS	OB_00030	V_L0TMS__SHPG_LOC_T_OS	DRTN_MMO_ID	22	YES	INT64
OB_00030.V_L0TMS__SHPG_LOC_T_OS	OB_00030	V_L0TMS__SHPG_LOC_T_OS	EXTL_CD1	23	YES	STRING
OB_00030.V_L0TMS__SHPG_LOC_T_OS	OB_00030	V_L0TMS__SHPG_LOC_T_OS	EXTL_CD2	24	YES	STRING
OB_00030.V_L0TMS__SHPG_LOC_T_OS	OB_00030	V_L0TMS__SHPG_LOC_T_OS	FAX_PHN	25	YES	STRING
OB_00030.V_L0TMS__SHPG_LOC_T_OS	OB_00030	V_L0TMS__SHPG_LOC_T_OS	FIXD_LD_UNLD_HRS	26	YES	NUMERIC
OB_00030.V_L0TMS__SHPG_LOC_T_OS	OB_00030	V_L0TMS__SHPG_LOC_T_OS	FRST_PICK_YN	27	YES	STRING
OB_00030.V_L0TMS__SHPG_LOC_T_OS	OB_00030	V_L0TMS__SHPG_LOC_T_OS	FULL_SRVC_YN	28	YES	STRING
OB_00030.V_L0TMS__SHPG_LOC_T_OS	OB_00030	V_L0TMS__SHPG_LOC_T_OS	GL_CAT_TYP	29	YES	INT64
OB_00030.V_L0TMS__SHPG_LOC_T_OS	OB_00030	V_L0TMS__SHPG_LOC_T_OS	GLRGN_ZN_CD	30	YES	STRING
OB_00030.V_L0TMS__SHPG_LOC_T_OS	OB_00030	V_L0TMS__SHPG_LOC_T_OS	INCO_SHPG_LOC_CD	31	YES	STRING
OB_00030.V_L0TMS__SHPG_LOC_T_OS	OB_00030	V_L0TMS__SHPG_LOC_T_OS	INCO_SHPG_LOC_ENU	32	YES	INT64
OB_00030.V_L0TMS__SHPG_LOC_T_OS	OB_00030	V_L0TMS__SHPG_LOC_T_OS	LANG_TYP	33	YES	INT64
OB_00030.V_L0TMS__SHPG_LOC_T_OS	OB_00030	V_L0TMS__SHPG_LOC_T_OS	LAST_DRP_YN	34	YES	STRING
OB_00030.V_L0TMS__SHPG_LOC_T_OS	OB_00030	V_L0TMS__SHPG_LOC_T_OS	LGST_GRP_CD	35	YES	STRING
OB_00030.V_L0TMS__SHPG_LOC_T_OS	OB_00030	V_L0TMS__SHPG_LOC_T_OS	LIVE_LD_TYP_ENU	36	YES	INT64
OB_00030.V_L0TMS__SHPG_LOC_T_OS	OB_00030	V_L0TMS__SHPG_LOC_T_OS	LOC_EMAL	37	YES	STRING
OB_00030.V_L0TMS__SHPG_LOC_T_OS	OB_00030	V_L0TMS__SHPG_LOC_T_OS	MAX_EQMT_HGHT	38	YES	NUMERIC
OB_00030.V_L0TMS__SHPG_LOC_T_OS	OB_00030	V_L0TMS__SHPG_LOC_T_OS	MAX_EQMT_LEN	39	YES	NUMERIC
OB_00030.V_L0TMS__SHPG_LOC_T_OS	OB_00030	V_L0TMS__SHPG_LOC_T_OS	MAX_EQMT_WDTH	40	YES	NUMERIC
OB_00030.V_L0TMS__SHPG_LOC_T_OS	OB_00030	V_L0TMS__SHPG_LOC_T_OS	MAX_LD_UNLD_HRS	41	YES	NUMERIC
OB_00030.V_L0TMS__SHPG_LOC_T_OS	OB_00030	V_L0TMS__SHPG_LOC_T_OS	MAX_SHPM_VOL	42	YES	NUMERIC
OB_00030.V_L0TMS__SHPG_LOC_T_OS	OB_00030	V_L0TMS__SHPG_LOC_T_OS	MAX_SHPM_WGT	43	YES	NUMERIC
OB_00030.V_L0TMS__SHPG_LOC_T_OS	OB_00030	V_L0TMS__SHPG_LOC_T_OS	MIN_DRP_WGT	44	YES	NUMERIC
OB_00030.V_L0TMS__SHPG_LOC_T_OS	OB_00030	V_L0TMS__SHPG_LOC_T_OS	MIN_LD_UNLD_HRS	45	YES	NUMERIC
OB_00030.V_L0TMS__SHPG_LOC_T_OS	OB_00030	V_L0TMS__SHPG_LOC_T_OS	MIN_LEAD_HRS	46	YES	NUMERIC
OB_00030.V_L0TMS__SHPG_LOC_T_OS	OB_00030	V_L0TMS__SHPG_LOC_T_OS	MMO_ID	47	YES	INT64
OB_00030.V_L0TMS__SHPG_LOC_T_OS	OB_00030	V_L0TMS__SHPG_LOC_T_OS	NEAR_TAIL_UNLD_RQRD_YN	48	YES	STRING
OB_00030.V_L0TMS__SHPG_LOC_T_OS	OB_00030	V_L0TMS__SHPG_LOC_T_OS	ODR_GRP_EBL_YN	49	YES	STRING
OB_00030.V_L0TMS__SHPG_LOC_T_OS	OB_00030	V_L0TMS__SHPG_LOC_T_OS	PKUP_ENU	50	YES	INT64
OB_00030.V_L0TMS__SHPG_LOC_T_OS	OB_00030	V_L0TMS__SHPG_LOC_T_OS	PMY_SHPG_LOC_CD	51	YES	STRING
OB_00030.V_L0TMS__SHPG_LOC_T_OS	OB_00030	V_L0TMS__SHPG_LOC_T_OS	PMY_SHPG_LOC_ENU	52	YES	NUMERIC
OB_00030.V_L0TMS__SHPG_LOC_T_OS	OB_00030	V_L0TMS__SHPG_LOC_T_OS	SDE_DR_UNLD_RQRD_YN	53	YES	STRING
OB_00030.V_L0TMS__SHPG_LOC_T_OS	OB_00030	V_L0TMS__SHPG_LOC_T_OS	SHPGLOC_PICK_SEQ_NUM	54	YES	NUMERIC
OB_00030.V_L0TMS__SHPG_LOC_T_OS	OB_00030	V_L0TMS__SHPG_LOC_T_OS	SRVC_CD	55	YES	STRING
OB_00030.V_L0TMS__SHPG_LOC_T_OS	OB_00030	V_L0TMS__SHPG_LOC_T_OS	STAT_ENU	56	YES	INT64
OB_00030.V_L0TMS__SHPG_LOC_T_OS	OB_00030	V_L0TMS__SHPG_LOC_T_OS	STOR_NUM	57	YES	STRING
OB_00030.V_L0TMS__SHPG_LOC_T_OS	OB_00030	V_L0TMS__SHPG_LOC_T_OS	TDR_RSPS_HRS	58	YES	NUMERIC
OB_00030.V_L0TMS__SHPG_LOC_T_OS	OB_00030	V_L0TMS__SHPG_LOC_T_OS	TEL1_PHN	59	YES	STRING
OB_00030.V_L0TMS__SHPG_LOC_T_OS	OB_00030	V_L0TMS__SHPG_LOC_T_OS	TEL2_PHN	60	YES	STRING
OB_00030.V_L0TMS__SHPG_LOC_T_OS	OB_00030	V_L0TMS__SHPG_LOC_T_OS	TM_ZN_OFST	61	YES	NUMERIC
OB_00030.V_L0TMS__SHPG_LOC_T_OS	OB_00030	V_L0TMS__SHPG_LOC_T_OS	TSFR_OLY_YN	62	YES	STRING
OB_00030.V_L0TMS__SHPG_LOC_T_OS	OB_00030	V_L0TMS__SHPG_LOC_T_OS	UPDT_DTT	63	YES	DATETIME
OB_00030.V_L0TMS__SHPG_LOC_T_OS	OB_00030	V_L0TMS__SHPG_LOC_T_OS	UPDT_USR_CD	64	YES	STRING
OB_00030.V_L0TMS__SHPG_LOC_T_OS	OB_00030	V_L0TMS__SHPG_LOC_T_OS	URL	65	YES	STRING
OB_00030.V_L0TMS__SHPG_LOC_T_OS	OB_00030	V_L0TMS__SHPG_LOC_T_OS	MIN_OPMZ_WGT	66	YES	NUMERIC
OB_00030.V_L0TMS__SHPG_LOC_T_OS	OB_00030	V_L0TMS__SHPG_LOC_T_OS	MAX_OPMZ_WGT	67	YES	NUMERIC
OB_00030.V_L0TMS__SHPG_LOC_T_OS	OB_00030	V_L0TMS__SHPG_LOC_T_OS	MIN_OPMZ_VOL	68	YES	NUMERIC
OB_00030.V_L0TMS__SHPG_LOC_T_OS	OB_00030	V_L0TMS__SHPG_LOC_T_OS	MAX_OPMZ_VOL	69	YES	NUMERIC
OB_00030.V_L0TMS__SHPG_LOC_T_OS	OB_00030	V_L0TMS__SHPG_LOC_T_OS	MIN_OPMZ_PCE	70	YES	NUMERIC
OB_00030.V_L0TMS__SHPG_LOC_T_OS	OB_00030	V_L0TMS__SHPG_LOC_T_OS	MAX_OPMZ_PCE	71	YES	NUMERIC
OB_00030.V_L0TMS__SHPG_LOC_T_OS	OB_00030	V_L0TMS__SHPG_LOC_T_OS	MIN_OPMZ_SKID	72	YES	NUMERIC
OB_00030.V_L0TMS__SHPG_LOC_T_OS	OB_00030	V_L0TMS__SHPG_LOC_T_OS	MAX_OPMZ_SKID	73	YES	NUMERIC
OB_00030.V_L0TMS__SHPG_LOC_T_OS	OB_00030	V_L0TMS__SHPG_LOC_T_OS	MIN_OPMZ_IBND_LD	74	YES	NUMERIC
OB_00030.V_L0TMS__SHPG_LOC_T_OS	OB_00030	V_L0TMS__SHPG_LOC_T_OS	MAX_OPMZ_IBND_LD	75	YES	NUMERIC
OB_00030.V_L0TMS__SHPG_LOC_T_OS	OB_00030	V_L0TMS__SHPG_LOC_T_OS	MIN_OPMZ_OBND_LD	76	YES	NUMERIC
OB_00030.V_L0TMS__SHPG_LOC_T_OS	OB_00030	V_L0TMS__SHPG_LOC_T_OS	MAX_OPMZ_OBND_LD	77	YES	NUMERIC
OB_00030.V_L0TMS__SHPG_LOC_T_OS	OB_00030	V_L0TMS__SHPG_LOC_T_OS	MIN_PNLT_DLR	78	YES	NUMERIC
OB_00030.V_L0TMS__SHPG_LOC_T_OS	OB_00030	V_L0TMS__SHPG_LOC_T_OS	MAX_PNLT_DLR	79	YES	NUMERIC
OB_00030.V_L0TMS__SHPG_LOC_T_OS	OB_00030	V_L0TMS__SHPG_LOC_T_OS	MAX_SHPM_HOLD_HRS	80	YES	NUMERIC
OB_00030.V_L0TMS__SHPG_LOC_T_OS	OB_00030	V_L0TMS__SHPG_LOC_T_OS	MIN_SHPM_HOLD_HRS	81	YES	NUMERIC
OB_00030.V_L0TMS__SHPG_LOC_T_OS	OB_00030	V_L0TMS__SHPG_LOC_T_OS	ALW_EMTY_LD_YN	82	YES	STRING
OB_00030.V_L0TMS__SHPG_LOC_T_OS	OB_00030	V_L0TMS__SHPG_LOC_T_OS	LD_TM_CALC_ENU	83	YES	NUMERIC
OB_00030.V_L0TMS__SHPG_LOC_T_OS	OB_00030	V_L0TMS__SHPG_LOC_T_OS	LIVE_UNLD_TYP_ENU	84	YES	NUMERIC
OB_00030.V_L0TMS__SHPG_LOC_T_OS	OB_00030	V_L0TMS__SHPG_LOC_T_OS	TRLR_SWAP_YN	85	YES	STRING
OB_00030.V_L0TMS__SHPG_LOC_T_OS	OB_00030	V_L0TMS__SHPG_LOC_T_OS	MNG_TRLR_ALRT_YN	86	YES	STRING
OB_00030.V_L0TMS__GEO_AREA_T_OS	OB_00030	V_L0TMS__GEO_AREA_T_OS	ETL_LOAD_TS	1	YES	TIMESTAMP
OB_00030.V_L0TMS__GEO_AREA_T_OS	OB_00030	V_L0TMS__GEO_AREA_T_OS	GEO_AREA_ID	2	YES	INT64
OB_00030.V_L0TMS__GEO_AREA_T_OS	OB_00030	V_L0TMS__GEO_AREA_T_OS	OPT_LCK	3	YES	INT64
OB_00030.V_L0TMS__GEO_AREA_T_OS	OB_00030	V_L0TMS__GEO_AREA_T_OS	USR_PSTL_CD_FROM	4	YES	STRING
OB_00030.V_L0TMS__GEO_AREA_T_OS	OB_00030	V_L0TMS__GEO_AREA_T_OS	USR_PSTL_CD_TO	5	YES	STRING
OB_00030.V_L0TMS__GEO_AREA_T_OS	OB_00030	V_L0TMS__GEO_AREA_T_OS	DIST	6	YES	NUMERIC
OB_00030.V_L0TMS__GEO_AREA_T_OS	OB_00030	V_L0TMS__GEO_AREA_T_OS	CTYPRC_ZIP_YN	7	YES	STRING
OB_00030.V_L0TMS__GEO_AREA_T_OS	OB_00030	V_L0TMS__GEO_AREA_T_OS	STA_CD	8	YES	STRING
OB_00030.V_L0TMS__GEO_AREA_T_OS	OB_00030	V_L0TMS__GEO_AREA_T_OS	GEOAREA_PRCN_ENU	9	YES	NUMERIC
OB_00030.V_L0TMS__GEO_AREA_T_OS	OB_00030	V_L0TMS__GEO_AREA_T_OS	ZN_CD	10	YES	STRING
OB_00030.V_L0TMS__GEO_AREA_T_OS	OB_00030	V_L0TMS__GEO_AREA_T_OS	CRTD_DTT	11	YES	DATETIME
OB_00030.V_L0TMS__GEO_AREA_T_OS	OB_00030	V_L0TMS__GEO_AREA_T_OS	UPDT_DTT	12	YES	DATETIME
OB_00030.V_L0TMS__GEO_AREA_T_OS	OB_00030	V_L0TMS__GEO_AREA_T_OS	UMSRDIST_ENU	13	YES	NUMERIC
OB_00030.V_L0TMS__GEO_AREA_T_OS	OB_00030	V_L0TMS__GEO_AREA_T_OS	UMSRSYS_ENU	14	YES	NUMERIC
OB_00030.V_L0TMS__GEO_AREA_T_OS	OB_00030	V_L0TMS__GEO_AREA_T_OS	UMSRWGT_ENU	15	YES	NUMERIC
OB_00030.V_L0TMS__GEO_AREA_T_OS	OB_00030	V_L0TMS__GEO_AREA_T_OS	UMSRLEN_ENU	16	YES	NUMERIC
OB_00030.V_L0TMS__GEO_AREA_T_OS	OB_00030	V_L0TMS__GEO_AREA_T_OS	CRTD_USR_CD	17	YES	STRING
OB_00030.V_L0TMS__GEO_AREA_T_OS	OB_00030	V_L0TMS__GEO_AREA_T_OS	UPDT_USR_CD	18	YES	STRING
OB_00030.V_L0TMS__RSTC_T_OS	OB_00030	V_L0TMS__RSTC_T_OS	ETL_LOAD_TS	1	YES	TIMESTAMP
OB_00030.V_L0TMS__RSTC_T_OS	OB_00030	V_L0TMS__RSTC_T_OS	RSTC_ID	2	YES	INT64
OB_00030.V_L0TMS__RSTC_T_OS	OB_00030	V_L0TMS__RSTC_T_OS	RSTC_DESC	3	YES	STRING
OB_00030.V_L0TMS__RSTC_T_OS	OB_00030	V_L0TMS__RSTC_T_OS	MAX_PCES	4	YES	NUMERIC
OB_00030.V_L0TMS__RSTC_T_OS	OB_00030	V_L0TMS__RSTC_T_OS	MIN_PCES	5	YES	NUMERIC
OB_00030.V_L0TMS__RSTC_T_OS	OB_00030	V_L0TMS__RSTC_T_OS	MAX_COMP_WGT	6	YES	NUMERIC
OB_00030.V_L0TMS__RSTC_T_OS	OB_00030	V_L0TMS__RSTC_T_OS	MAX_WGT	7	YES	NUMERIC
OB_00030.V_L0TMS__RSTC_T_OS	OB_00030	V_L0TMS__RSTC_T_OS	MIN_WGT	8	YES	NUMERIC
OB_00030.V_L0TMS__RSTC_T_OS	OB_00030	V_L0TMS__RSTC_T_OS	MAX_COMP_LEN	9	YES	NUMERIC
OB_00030.V_L0TMS__RSTC_T_OS	OB_00030	V_L0TMS__RSTC_T_OS	MAX_COMP_WDTH	10	YES	NUMERIC
OB_00030.V_L0TMS__RSTC_T_OS	OB_00030	V_L0TMS__RSTC_T_OS	MAX_COMP_HGHT	11	YES	NUMERIC
OB_00030.V_L0TMS__RSTC_T_OS	OB_00030	V_L0TMS__RSTC_T_OS	MAX_VOL	12	YES	NUMERIC
OB_00030.V_L0TMS__RSTC_T_OS	OB_00030	V_L0TMS__RSTC_T_OS	MIN_VOL	13	YES	NUMERIC
OB_00030.V_L0TMS__RSTC_T_OS	OB_00030	V_L0TMS__RSTC_T_OS	MAX_GRTH_SIZE	14	YES	NUMERIC
OB_00030.V_L0TMS__RSTC_T_OS	OB_00030	V_L0TMS__RSTC_T_OS	MAX_STOP	15	YES	NUMERIC
OB_00030.V_L0TMS__RSTC_T_OS	OB_00030	V_L0TMS__RSTC_T_OS	MAX_SKID	16	YES	NUMERIC
OB_00030.V_L0TMS__RSTC_T_OS	OB_00030	V_L0TMS__RSTC_T_OS	MIN_SKID	17	YES	NUMERIC
OB_00030.V_L0TMS__RSTC_T_OS	OB_00030	V_L0TMS__RSTC_T_OS	MAX_SHPM	18	YES	NUMERIC
OB_00030.V_L0TMS__RSTC_T_OS	OB_00030	V_L0TMS__RSTC_T_OS	MIN_SHPM	19	YES	NUMERIC
OB_00030.V_L0TMS__RSTC_T_OS	OB_00030	V_L0TMS__RSTC_T_OS	MAX_LOAD	20	YES	NUMERIC
OB_00030.V_L0TMS__RSTC_T_OS	OB_00030	V_L0TMS__RSTC_T_OS	MIN_LOAD	21	YES	NUMERIC
OB_00030.V_L0TMS__RSTC_T_OS	OB_00030	V_L0TMS__RSTC_T_OS	MAX_SHPM_VAL_DLR	22	YES	NUMERIC
OB_00030.V_L0TMS__RSTC_T_OS	OB_00030	V_L0TMS__RSTC_T_OS	MIN_SHPM_VAL_DLR	23	YES	NUMERIC
OB_00030.V_L0TMS__RSTC_T_OS	OB_00030	V_L0TMS__RSTC_T_OS	MAX_OTRT_PCT	24	YES	NUMERIC
OB_00030.V_L0TMS__RSTC_T_OS	OB_00030	V_L0TMS__RSTC_T_OS	MAX_OTRT_DIST	25	YES	NUMERIC
OB_00030.V_L0TMS__RSTC_T_OS	OB_00030	V_L0TMS__RSTC_T_OS	MAX_DHED_DIST	26	YES	NUMERIC
OB_00030.V_L0TMS__RSTC_T_OS	OB_00030	V_L0TMS__RSTC_T_OS	MAX_DHED_PCT	27	YES	NUMERIC
OB_00030.V_L0TMS__RSTC_T_OS	OB_00030	V_L0TMS__RSTC_T_OS	MAX_DHEDLEG_DIST	28	YES	NUMERIC
OB_00030.V_L0TMS__RSTC_T_OS	OB_00030	V_L0TMS__RSTC_T_OS	OPT_LCK	29	YES	INT64
OB_00030.V_L0TMS__RSTC_T_OS	OB_00030	V_L0TMS__RSTC_T_OS	M_LDUNLDSTOP_HRS	30	YES	NUMERIC
OB_00030.V_L0TMS__RSTC_T_OS	OB_00030	V_L0TMS__RSTC_T_OS	MEXCSWAITSTP_HRS	31	YES	NUMERIC
OB_00030.V_L0TMS__RSTC_T_OS	OB_00030	V_L0TMS__RSTC_T_OS	M_TOT_LDUNLD_HRS	32	YES	NUMERIC
OB_00030.V_L0TMS__RSTC_T_OS	OB_00030	V_L0TMS__RSTC_T_OS	MTOTEXCSWAIT_HRS	33	YES	NUMERIC
OB_00030.V_L0TMS__RSTC_T_OS	OB_00030	V_L0TMS__RSTC_T_OS	MAX_ELPD_HRS	34	YES	NUMERIC
OB_00030.V_L0TMS__RSTC_T_OS	OB_00030	V_L0TMS__RSTC_T_OS	M_TOTWAITSTP_HRS	35	YES	NUMERIC
OB_00030.V_L0TMS__RSTC_T_OS	OB_00030	V_L0TMS__RSTC_T_OS	MAX_TOT_WAIT_HRS	36	YES	NUMERIC
OB_00030.V_L0TMS__RSTC_T_OS	OB_00030	V_L0TMS__RSTC_T_OS	MAX_ODR_VAL_DLR	37	YES	NUMERIC
OB_00030.V_L0TMS__RSTC_T_OS	OB_00030	V_L0TMS__RSTC_T_OS	MIN_ODR_VAL_DLR	38	YES	NUMERIC
OB_00030.V_L0TMS__RSTC_T_OS	OB_00030	V_L0TMS__RSTC_T_OS	CRTD_DTT	39	YES	DATETIME
OB_00030.V_L0TMS__RSTC_T_OS	OB_00030	V_L0TMS__RSTC_T_OS	UPDT_DTT	40	YES	DATETIME
OB_00030.V_L0TMS__RSTC_T_OS	OB_00030	V_L0TMS__RSTC_T_OS	MIN_LDN_LEN	41	YES	NUMERIC
OB_00030.V_L0TMS__RSTC_T_OS	OB_00030	V_L0TMS__RSTC_T_OS	MAX_LDN_LEN	42	YES	NUMERIC
OB_00030.V_L0TMS__RSTC_T_OS	OB_00030	V_L0TMS__RSTC_T_OS	MAX_WAIT_STOP_HRS	43	YES	NUMERIC
OB_00030.V_L0TMS__RSTC_T_OS	OB_00030	V_L0TMS__RSTC_T_OS	MAX_RET_TO_ORIG_DIST	44	YES	NUMERIC
OB_00030.V_L0TMS__RSTC_T_OS	OB_00030	V_L0TMS__RSTC_T_OS	MAX_WAIT_BTWN_LDS_HRS	45	YES	NUMERIC
OB_00030.V_L0TMS__RSTC_T_OS	OB_00030	V_L0TMS__RSTC_T_OS	MAX_DRIVING_HRS	46	YES	NUMERIC
OB_00030.V_L0TMS__RSTC_T_OS	OB_00030	V_L0TMS__RSTC_T_OS	MAX_ON_DUTY_HRS	47	YES	NUMERIC
OB_00030.V_L0TMS__RSTC_T_OS	OB_00030	V_L0TMS__RSTC_T_OS	MAX_OFF_DUTY_HRS	48	YES	NUMERIC
OB_00030.V_L0TMS__RSTC_T_OS	OB_00030	V_L0TMS__RSTC_T_OS	MAX_LOADING_HRS	49	YES	NUMERIC
OB_00030.V_L0TMS__RSTC_T_OS	OB_00030	V_L0TMS__RSTC_T_OS	MAX_UNLOADING_HRS	50	YES	NUMERIC
OB_00030.V_L0TMS__RSTC_T_OS	OB_00030	V_L0TMS__RSTC_T_OS	MAX_PMY_STOP	51	YES	NUMERIC
OB_00030.V_L0TMS__RSTC_T_OS	OB_00030	V_L0TMS__RSTC_T_OS	MAX_WKND_HLDY_DIST	52	YES	NUMERIC
OB_00030.V_L0TMS__RSTC_T_OS	OB_00030	V_L0TMS__RSTC_T_OS	MAX_ELY_WKND_HLDY_HRS	53	YES	NUMERIC
OB_00030.V_L0TMS__RSTC_T_OS	OB_00030	V_L0TMS__RSTC_T_OS	MAX_LAT_WKND_HLDY_HRS	54	YES	NUMERIC
OB_00030.V_L0TMS__RSTC_T_OS	OB_00030	V_L0TMS__RSTC_T_OS	MAX_WKND_HLDY_HRS	55	YES	NUMERIC
OB_00030.V_L0TMS__RSTC_T_OS	OB_00030	V_L0TMS__RSTC_T_OS	MAX_REPS_DIST	56	YES	NUMERIC
OB_00030.V_L0TMS__RSTC_T_OS	OB_00030	V_L0TMS__RSTC_T_OS	MAX_ULDD_TRCTR_DIST	57	YES	NUMERIC
OB_00030.V_L0TMS__RSTC_T_OS	OB_00030	V_L0TMS__RSTC_T_OS	MAX_ULDD_TRLR_DIST	58	YES	NUMERIC
OB_00030.V_L0TMS__RSTC_T_OS	OB_00030	V_L0TMS__RSTC_T_OS	MAX_TOT_DIST	59	YES	NUMERIC
OB_00030.V_L0TMS__RSTC_T_OS	OB_00030	V_L0TMS__RSTC_T_OS	CRTD_USR_CD	60	YES	STRING
OB_00030.V_L0TMS__RSTC_T_OS	OB_00030	V_L0TMS__RSTC_T_OS	MAX_CNTR_LNST_SDE	61	YES	NUMERIC
OB_00030.V_L0TMS__RSTC_T_OS	OB_00030	V_L0TMS__RSTC_T_OS	MAX_CNTR_SCND_LNST_SDE	62	YES	NUMERIC
OB_00030.V_L0TMS__RSTC_T_OS	OB_00030	V_L0TMS__RSTC_T_OS	MAX_CNTR_SHRT_SDE	63	YES	NUMERIC
OB_00030.V_L0TMS__TFF_T_OS	OB_00030	V_L0TMS__TFF_T_OS	ETL_LOAD_TS	1	YES	TIMESTAMP
OB_00030.V_L0TMS__TFF_T_OS	OB_00030	V_L0TMS__TFF_T_OS	TFF_ID	2	YES	INT64
OB_00030.V_L0TMS__TFF_T_OS	OB_00030	V_L0TMS__TFF_T_OS	OPT_LCK	3	YES	INT64
OB_00030.V_L0TMS__TFF_T_OS	OB_00030	V_L0TMS__TFF_T_OS	TFF_CD	4	YES	STRING
OB_00030.V_L0TMS__TFF_T_OS	OB_00030	V_L0TMS__TFF_T_OS	TFF_DESC	5	YES	STRING
OB_00030.V_L0TMS__TFF_T_OS	OB_00030	V_L0TMS__TFF_T_OS	TFF_GRP_TYP	6	YES	NUMERIC
OB_00030.V_L0TMS__TFF_T_OS	OB_00030	V_L0TMS__TFF_T_OS	TFF_ATTR_ENU	7	YES	NUMERIC
OB_00030.V_L0TMS__TFF_T_OS	OB_00030	V_L0TMS__TFF_T_OS	TFF_STAT_ENU	8	YES	NUMERIC
OB_00030.V_L0TMS__TFF_T_OS	OB_00030	V_L0TMS__TFF_T_OS	CNSE_GRP_TYP	9	YES	NUMERIC
OB_00030.V_L0TMS__TFF_T_OS	OB_00030	V_L0TMS__TFF_T_OS	PRJ_CD	10	YES	STRING
OB_00030.V_L0TMS__TFF_T_OS	OB_00030	V_L0TMS__TFF_T_OS	EFCT_DT	11	YES	DATETIME
OB_00030.V_L0TMS__TFF_T_OS	OB_00030	V_L0TMS__TFF_T_OS	EXPD_DT	12	YES	DATETIME
OB_00030.V_L0TMS__TFF_T_OS	OB_00030	V_L0TMS__TFF_T_OS	CNCY_TYP	13	YES	NUMERIC
OB_00030.V_L0TMS__TFF_T_OS	OB_00030	V_L0TMS__TFF_T_OS	ROUT_PRCN_ENU	14	YES	NUMERIC
OB_00030.V_L0TMS__TFF_T_OS	OB_00030	V_L0TMS__TFF_T_OS	RSTD_USE_YN	15	YES	STRING
OB_00030.V_L0TMS__TFF_T_OS	OB_00030	V_L0TMS__TFF_T_OS	CRTD_DTT	16	YES	DATETIME
OB_00030.V_L0TMS__TFF_T_OS	OB_00030	V_L0TMS__TFF_T_OS	UPDT_DTT	17	YES	DATETIME
OB_00030.V_L0TMS__TFF_T_OS	OB_00030	V_L0TMS__TFF_T_OS	SHRD_CNTR	18	YES	NUMERIC
OB_00030.V_L0TMS__TFF_T_OS	OB_00030	V_L0TMS__TFF_T_OS	VLMT_YN	19	YES	STRING
OB_00030.V_L0TMS__TFF_T_OS	OB_00030	V_L0TMS__TFF_T_OS	SAV_YN	20	YES	STRING
OB_00030.V_L0TMS__TFF_T_OS	OB_00030	V_L0TMS__TFF_T_OS	ELST_EFCT_DT	21	YES	DATETIME
OB_00030.V_L0TMS__TFF_T_OS	OB_00030	V_L0TMS__TFF_T_OS	LTST_EXPD_DT	22	YES	DATETIME
OB_00030.V_L0TMS__TFF_T_OS	OB_00030	V_L0TMS__TFF_T_OS	RFRNLANE_EXST_YN	23	YES	STRING
OB_00030.V_L0TMS__TFF_T_OS	OB_00030	V_L0TMS__TFF_T_OS	RFRNRATE_EXST_YN	24	YES	STRING
OB_00030.V_L0TMS__TFF_T_OS	OB_00030	V_L0TMS__TFF_T_OS	RFRNSCHG_EXST_YN	25	YES	STRING
OB_00030.V_L0TMS__TFF_T_OS	OB_00030	V_L0TMS__TFF_T_OS	FI_PYMT_MD_ENU	26	YES	NUMERIC
OB_00030.V_L0TMS__TFF_T_OS	OB_00030	V_L0TMS__TFF_T_OS	MSTR_TFF_ID	27	YES	INT64
OB_00030.V_L0TMS__TFF_T_OS	OB_00030	V_L0TMS__TFF_T_OS	CUST_CD	28	YES	STRING
OB_00030.V_L0TMS__TFF_T_OS	OB_00030	V_L0TMS__TFF_T_OS	CARR_CD	29	YES	STRING
OB_00030.V_L0TMS__TFF_T_OS	OB_00030	V_L0TMS__TFF_T_OS	CRTD_USR_CD	30	YES	STRING
OB_00030.V_L0TMS__TFF_T_OS	OB_00030	V_L0TMS__TFF_T_OS	UPDT_USR_CD	31	YES	STRING
OB_00030.V_L0TMS__TFF_T_OS	OB_00030	V_L0TMS__TFF_T_OS	MMO_ID	32	YES	INT64
OB_00030.V_L0TMS__TFF_T_OS	OB_00030	V_L0TMS__TFF_T_OS	UMSRSYS_ENU	33	YES	NUMERIC
OB_00030.V_L0TMS__TFF_T_OS	OB_00030	V_L0TMS__TFF_T_OS	UMSRWGT_ENU	34	YES	NUMERIC
OB_00030.V_L0TMS__TFF_T_OS	OB_00030	V_L0TMS__TFF_T_OS	UMSRLEN_ENU	35	YES	NUMERIC
OB_00030.V_L0TMS__TFF_T_OS	OB_00030	V_L0TMS__TFF_T_OS	RATE_TYP_ENU	36	YES	NUMERIC
OB_00030.V_L0TMS__TFF_T_OS	OB_00030	V_L0TMS__TFF_T_OS	PYMNT_CNCY_TYP	37	YES	NUMERIC
OB_00030.V_L0TMS__TFF_T_OS	OB_00030	V_L0TMS__TFF_T_OS	UMSRDIST_ENU	38	YES	NUMERIC
OB_00030.V_L0TMS__TFF_T_OS	OB_00030	V_L0TMS__TFF_T_OS	MINMAX_CHRG_CALC_MD_ENU	39	YES	INT64
OB_00030.V_L0TMS__TFF_T_OS	OB_00030	V_L0TMS__TFF_T_OS	SRVC_GRD_TYP_MSTR_TFF_YN	40	YES	STRING
OB_00030.V_L0TMS__TFF_T_OS	OB_00030	V_L0TMS__TFF_T_OS	DIV_CD	41	YES	STRING
OB_00030.V_L0TMS__TFF_T_OS	OB_00030	V_L0TMS__TFF_T_OS	EXTL_EGIN_VER_CD	42	YES	STRING
OB_00030.V_L0TMS__TFF_T_OS	OB_00030	V_L0TMS__TFF_T_OS	ECHG_RATE_GRP_CD	43	YES	STRING
OB_00030.V_L0TMS__TB_GTM_CODE_MST_OS	OB_00030	V_L0TMS__TB_GTM_CODE_MST_OS	ETL_LOAD_TS	1	YES	TIMESTAMP
OB_00030.V_L0TMS__TB_GTM_CODE_MST_OS	OB_00030	V_L0TMS__TB_GTM_CODE_MST_OS	CD_TYPE	2	YES	STRING
OB_00030.V_L0TMS__TB_GTM_CODE_MST_OS	OB_00030	V_L0TMS__TB_GTM_CODE_MST_OS	CD	3	YES	STRING
OB_00030.V_L0TMS__TB_GTM_CODE_MST_OS	OB_00030	V_L0TMS__TB_GTM_CODE_MST_OS	CD_NM	4	YES	STRING
OB_00030.V_L0TMS__TB_GTM_CODE_MST_OS	OB_00030	V_L0TMS__TB_GTM_CODE_MST_OS	CD_DESCRIPTION	5	YES	STRING
OB_00030.V_L0TMS__TB_GTM_CODE_MST_OS	OB_00030	V_L0TMS__TB_GTM_CODE_MST_OS	REMARKS	6	YES	STRING
OB_00030.V_L0TMS__TB_GTM_CODE_MST_OS	OB_00030	V_L0TMS__TB_GTM_CODE_MST_OS	FINAL_USER_ID	7	YES	STRING
OB_00030.V_L0TMS__TB_GTM_CODE_MST_OS	OB_00030	V_L0TMS__TB_GTM_CODE_MST_OS	FINAL_UPDATE_DATE	8	YES	DATETIME
OB_00030.V_L0TMS__TB_GTM_CODE_MST_OS	OB_00030	V_L0TMS__TB_GTM_CODE_MST_OS	USE_YN	9	YES	STRING
OB_00030.V_L0TMS__TB_GTM_CODE_MST_OS	OB_00030	V_L0TMS__TB_GTM_CODE_MST_OS	CD_NM2	10	YES	STRING
OB_00030.V_L0TMS__TB_GTM_CODE_MST_OS	OB_00030	V_L0TMS__TB_GTM_CODE_MST_OS	CD_NM3	11	YES	STRING
OB_00030.V_L0TMS__TB_GTM_CODE_MST_OS	OB_00030	V_L0TMS__TB_GTM_CODE_MST_OS	CD_NM4	12	YES	STRING
OB_00030.V_L0TMS__TB_GTM_CODE_MST_OS	OB_00030	V_L0TMS__TB_GTM_CODE_MST_OS	CD_NM5	13	YES	STRING
OB_00030.V_L0TMS__TB_GTM_CODE_MST_OS	OB_00030	V_L0TMS__TB_GTM_CODE_MST_OS	CD_NM6	14	YES	STRING
OB_00030.V_L0TMS__TB_GTM_MODEL_OS	OB_00030	V_L0TMS__TB_GTM_MODEL_OS	P_PTT	1	YES	DATE
OB_00030.V_L0TMS__TB_GTM_MODEL_OS	OB_00030	V_L0TMS__TB_GTM_MODEL_OS	ETL_LOAD_TS	2	YES	TIMESTAMP
OB_00030.V_L0TMS__TB_GTM_MODEL_OS	OB_00030	V_L0TMS__TB_GTM_MODEL_OS	OPERATING_UNIT_ID	3	YES	NUMERIC
OB_00030.V_L0TMS__TB_GTM_MODEL_OS	OB_00030	V_L0TMS__TB_GTM_MODEL_OS	AFFILIATE_CODE	4	YES	STRING
OB_00030.V_L0TMS__TB_GTM_MODEL_OS	OB_00030	V_L0TMS__TB_GTM_MODEL_OS	LEGAL_ENTITY_NAME	5	YES	STRING
OB_00030.V_L0TMS__TB_GTM_MODEL_OS	OB_00030	V_L0TMS__TB_GTM_MODEL_OS	HQ_ACCOUNTING_UNIT_CODE	6	YES	STRING
OB_00030.V_L0TMS__TB_GTM_MODEL_OS	OB_00030	V_L0TMS__TB_GTM_MODEL_OS	INVENTORY_ITEM_ID	7	YES	NUMERIC
OB_00030.V_L0TMS__TB_GTM_MODEL_OS	OB_00030	V_L0TMS__TB_GTM_MODEL_OS	MODEL_CATEGORY_CODE	8	YES	STRING
OB_00030.V_L0TMS__TB_GTM_MODEL_OS	OB_00030	V_L0TMS__TB_GTM_MODEL_OS	MODEL_CODE	9	YES	STRING
OB_00030.V_L0TMS__TB_GTM_MODEL_OS	OB_00030	V_L0TMS__TB_GTM_MODEL_OS	MODEL_DESC	10	YES	STRING
OB_00030.V_L0TMS__TB_GTM_MODEL_OS	OB_00030	V_L0TMS__TB_GTM_MODEL_OS	MODEL_LOCAL_DESC	11	YES	STRING
OB_00030.V_L0TMS__TB_GTM_MODEL_OS	OB_00030	V_L0TMS__TB_GTM_MODEL_OS	SALES_MODEL_CODE	12	YES	STRING
OB_00030.V_L0TMS__TB_GTM_MODEL_OS	OB_00030	V_L0TMS__TB_GTM_MODEL_OS	SET_PART_NO	13	YES	STRING
OB_00030.V_L0TMS__TB_GTM_MODEL_OS	OB_00030	V_L0TMS__TB_GTM_MODEL_OS	ITEM_TYPE	14	YES	STRING
OB_00030.V_L0TMS__TB_GTM_MODEL_OS	OB_00030	V_L0TMS__TB_GTM_MODEL_OS	MARKET_CODE	15	YES	STRING
OB_00030.V_L0TMS__TB_GTM_MODEL_OS	OB_00030	V_L0TMS__TB_GTM_MODEL_OS	BRAND_TYPE_CODE	16	YES	STRING
OB_00030.V_L0TMS__TB_GTM_MODEL_OS	OB_00030	V_L0TMS__TB_GTM_MODEL_OS	BRAND_TYPE_NAME	17	YES	STRING
OB_00030.V_L0TMS__TB_GTM_MODEL_OS	OB_00030	V_L0TMS__TB_GTM_MODEL_OS	CLLCT_DELIV_ENABLED_FLAG	18	YES	STRING
OB_00030.V_L0TMS__TB_GTM_MODEL_OS	OB_00030	V_L0TMS__TB_GTM_MODEL_OS	DEFAULT_INV_ORG_CODE	19	YES	STRING
OB_00030.V_L0TMS__TB_GTM_MODEL_OS	OB_00030	V_L0TMS__TB_GTM_MODEL_OS	INVENTORY_ITEM_STATUS_CODE	20	YES	STRING
OB_00030.V_L0TMS__TB_GTM_MODEL_OS	OB_00030	V_L0TMS__TB_GTM_MODEL_OS	MODEL_EAN_CODE	21	YES	STRING
OB_00030.V_L0TMS__TB_GTM_MODEL_OS	OB_00030	V_L0TMS__TB_GTM_MODEL_OS	MODEL_UPC_CODE	22	YES	STRING
OB_00030.V_L0TMS__TB_GTM_MODEL_OS	OB_00030	V_L0TMS__TB_GTM_MODEL_OS	LOGISTICS_BARCODE_ID	23	YES	STRING
OB_00030.V_L0TMS__TB_GTM_MODEL_OS	OB_00030	V_L0TMS__TB_GTM_MODEL_OS	NET_HEIGHT	24	YES	NUMERIC
OB_00030.V_L0TMS__TB_GTM_MODEL_OS	OB_00030	V_L0TMS__TB_GTM_MODEL_OS	NET_LENGTH	25	YES	NUMERIC
OB_00030.V_L0TMS__TB_GTM_MODEL_OS	OB_00030	V_L0TMS__TB_GTM_MODEL_OS	NET_VOLUME	26	YES	NUMERIC
OB_00030.V_L0TMS__TB_GTM_MODEL_OS	OB_00030	V_L0TMS__TB_GTM_MODEL_OS	NET_WEIGHT	27	YES	NUMERIC
OB_00030.V_L0TMS__TB_GTM_MODEL_OS	OB_00030	V_L0TMS__TB_GTM_MODEL_OS	NET_WIDTH	28	YES	NUMERIC
OB_00030.V_L0TMS__TB_GTM_MODEL_OS	OB_00030	V_L0TMS__TB_GTM_MODEL_OS	LAYER_UNIT_QTY	29	YES	NUMERIC
OB_00030.V_L0TMS__TB_GTM_MODEL_OS	OB_00030	V_L0TMS__TB_GTM_MODEL_OS	PACKING_UNIT_QTY	30	YES	NUMERIC
OB_00030.V_L0TMS__TB_GTM_MODEL_OS	OB_00030	V_L0TMS__TB_GTM_MODEL_OS	PALLET_UNIT_QTY	31	YES	NUMERIC
OB_00030.V_L0TMS__TB_GTM_MODEL_OS	OB_00030	V_L0TMS__TB_GTM_MODEL_OS	STACK_UNIT_QTY	32	YES	NUMERIC
OB_00030.V_L0TMS__TB_GTM_MODEL_OS	OB_00030	V_L0TMS__TB_GTM_MODEL_OS	CARTON_UNIT_QTY	33	YES	NUMERIC
OB_00030.V_L0TMS__TB_GTM_MODEL_OS	OB_00030	V_L0TMS__TB_GTM_MODEL_OS	PRODUCT_LEVEL1_CODE	34	YES	STRING
OB_00030.V_L0TMS__TB_GTM_MODEL_OS	OB_00030	V_L0TMS__TB_GTM_MODEL_OS	PRODUCT_LEVEL2_CODE	35	YES	STRING
OB_00030.V_L0TMS__TB_GTM_MODEL_OS	OB_00030	V_L0TMS__TB_GTM_MODEL_OS	PRODUCT_LEVEL3_CODE	36	YES	STRING
OB_00030.V_L0TMS__TB_GTM_MODEL_OS	OB_00030	V_L0TMS__TB_GTM_MODEL_OS	PRODUCT_LEVEL4_CODE	37	YES	STRING
OB_00030.V_L0TMS__TB_GTM_MODEL_OS	OB_00030	V_L0TMS__TB_GTM_MODEL_OS	ADDITIONAL_PRODUCT1_CODE	38	YES	STRING
OB_00030.V_L0TMS__TB_GTM_MODEL_OS	OB_00030	V_L0TMS__TB_GTM_MODEL_OS	ADDITIONAL_PRODUCT2_CODE	39	YES	STRING
OB_00030.V_L0TMS__TB_GTM_MODEL_OS	OB_00030	V_L0TMS__TB_GTM_MODEL_OS	ADDITIONAL_PRODUCT3_CODE	40	YES	STRING
OB_00030.V_L0TMS__TB_GTM_MODEL_OS	OB_00030	V_L0TMS__TB_GTM_MODEL_OS	ADDITIONAL_PRODUCT4_CODE	41	YES	STRING
OB_00030.V_L0TMS__TB_GTM_MODEL_OS	OB_00030	V_L0TMS__TB_GTM_MODEL_OS	GROSS_HEIGHT	42	YES	NUMERIC
OB_00030.V_L0TMS__TB_GTM_MODEL_OS	OB_00030	V_L0TMS__TB_GTM_MODEL_OS	MODEL_GROSS_CBM	43	YES	NUMERIC
OB_00030.V_L0TMS__TB_GTM_MODEL_OS	OB_00030	V_L0TMS__TB_GTM_MODEL_OS	GROSS_WEIGHT	44	YES	NUMERIC
OB_00030.V_L0TMS__TB_GTM_MODEL_OS	OB_00030	V_L0TMS__TB_GTM_MODEL_OS	GROSS_WIDTH	45	YES	NUMERIC
OB_00030.V_L0TMS__TB_GTM_MODEL_OS	OB_00030	V_L0TMS__TB_GTM_MODEL_OS	GROSS_DEPTH	46	YES	NUMERIC
OB_00030.V_L0TMS__TB_GTM_MODEL_OS	OB_00030	V_L0TMS__TB_GTM_MODEL_OS	CHARGEABLE_WEIGHT	47	YES	NUMERIC
OB_00030.V_L0TMS__TB_GTM_MODEL_OS	OB_00030	V_L0TMS__TB_GTM_MODEL_OS	CHARGEABLE_CBM	48	YES	NUMERIC
OB_00030.V_L0TMS__TB_GTM_MODEL_OS	OB_00030	V_L0TMS__TB_GTM_MODEL_OS	COST_GROUP_CODE	49	YES	STRING
OB_00030.V_L0TMS__TB_GTM_MODEL_OS	OB_00030	V_L0TMS__TB_GTM_MODEL_OS	EDI_INTERFACE_FLAG	50	YES	STRING
OB_00030.V_L0TMS__TB_GTM_MODEL_OS	OB_00030	V_L0TMS__TB_GTM_MODEL_OS	DIVISION_CODE	51	YES	STRING
OB_00030.V_L0TMS__TB_GTM_MODEL_OS	OB_00030	V_L0TMS__TB_GTM_MODEL_OS	HS_CODE	52	YES	STRING
OB_00030.V_L0TMS__TB_GTM_MODEL_OS	OB_00030	V_L0TMS__TB_GTM_MODEL_OS	DISABLED_DATE	53	YES	DATETIME
OB_00030.V_L0TMS__TB_GTM_MODEL_OS	OB_00030	V_L0TMS__TB_GTM_MODEL_OS	ORIGIN_AFFILIATE_CODE	54	YES	STRING
OB_00030.V_L0TMS__TB_GTM_MODEL_OS	OB_00030	V_L0TMS__TB_GTM_MODEL_OS	ORIGIN_MODEL_CODE	55	YES	STRING
OB_00030.V_L0TMS__TB_GTM_MODEL_OS	OB_00030	V_L0TMS__TB_GTM_MODEL_OS	ORIGIN_SEQUENCE_ID	56	YES	NUMERIC
OB_00030.V_L0TMS__TB_GTM_MODEL_OS	OB_00030	V_L0TMS__TB_GTM_MODEL_OS	PACKING_TYPE_CODE	57	YES	STRING
OB_00030.V_L0TMS__TB_GTM_MODEL_OS	OB_00030	V_L0TMS__TB_GTM_MODEL_OS	PRODUCT_TYPE_CODE	58	YES	STRING
OB_00030.V_L0TMS__TB_GTM_MODEL_OS	OB_00030	V_L0TMS__TB_GTM_MODEL_OS	PURCHASE_TYPE_CODE	59	YES	STRING
OB_00030.V_L0TMS__TB_GTM_MODEL_OS	OB_00030	V_L0TMS__TB_GTM_MODEL_OS	TENTATIVE_MODEL_FLAG	60	YES	STRING
OB_00030.V_L0TMS__TB_GTM_MODEL_OS	OB_00030	V_L0TMS__TB_GTM_MODEL_OS	CONTAINER_20S_QTY	61	YES	NUMERIC
OB_00030.V_L0TMS__TB_GTM_MODEL_OS	OB_00030	V_L0TMS__TB_GTM_MODEL_OS	CONTAINER_40H_QTY	62	YES	NUMERIC
OB_00030.V_L0TMS__TB_GTM_MODEL_OS	OB_00030	V_L0TMS__TB_GTM_MODEL_OS	CONTAINER_40S_QTY	63	YES	NUMERIC
OB_00030.V_L0TMS__TB_GTM_MODEL_OS	OB_00030	V_L0TMS__TB_GTM_MODEL_OS	CONTAINER_45S_QTY	64	YES	NUMERIC
OB_00030.V_L0TMS__TB_GTM_MODEL_OS	OB_00030	V_L0TMS__TB_GTM_MODEL_OS	JUMBO_CONTAINER_LOAD_QTY	65	YES	NUMERIC
OB_00030.V_L0TMS__TB_GTM_MODEL_OS	OB_00030	V_L0TMS__TB_GTM_MODEL_OS	HERTZ_CODE	66	YES	STRING
OB_00030.V_L0TMS__TB_GTM_MODEL_OS	OB_00030	V_L0TMS__TB_GTM_MODEL_OS	HS_CODE_CONFIRM_STATUS_CODE	67	YES	STRING
OB_00030.V_L0TMS__TB_GTM_MODEL_OS	OB_00030	V_L0TMS__TB_GTM_MODEL_OS	HS_CODE_STATUS_UPDATE_DATE	68	YES	DATETIME
OB_00030.V_L0TMS__TB_GTM_MODEL_OS	OB_00030	V_L0TMS__TB_GTM_MODEL_OS	HS_CODE_UPDATED_BY	69	YES	STRING
OB_00030.V_L0TMS__TB_GTM_MODEL_OS	OB_00030	V_L0TMS__TB_GTM_MODEL_OS	HS_CODE_UPDATED_BY_TYPE_CODE	70	YES	STRING
OB_00030.V_L0TMS__TB_GTM_MODEL_OS	OB_00030	V_L0TMS__TB_GTM_MODEL_OS	REMARK_DESC	71	YES	STRING
OB_00030.V_L0TMS__TB_GTM_MODEL_OS	OB_00030	V_L0TMS__TB_GTM_MODEL_OS	RETURN_SERIAL_FLAG	72	YES	STRING
OB_00030.V_L0TMS__TB_GTM_MODEL_OS	OB_00030	V_L0TMS__TB_GTM_MODEL_OS	PURCHASE_ORDER_SERIAL_FLAG	73	YES	STRING
OB_00030.V_L0TMS__TB_GTM_MODEL_OS	OB_00030	V_L0TMS__TB_GTM_MODEL_OS	SALES_ORDER_SERIAL_FLAG	74	YES	STRING
OB_00030.V_L0TMS__TB_GTM_MODEL_OS	OB_00030	V_L0TMS__TB_GTM_MODEL_OS	PCK_COMPOSITE_MTL_WEIGHT	75	YES	NUMERIC
OB_00030.V_L0TMS__TB_GTM_MODEL_OS	OB_00030	V_L0TMS__TB_GTM_MODEL_OS	DISTRBTR_STOCK_ENABLED_FLAG	76	YES	STRING
OB_00030.V_L0TMS__TB_GTM_MODEL_OS	OB_00030	V_L0TMS__TB_GTM_MODEL_OS	ESN_ENABLED_FLAG	77	YES	STRING
OB_00030.V_L0TMS__TB_GTM_MODEL_OS	OB_00030	V_L0TMS__TB_GTM_MODEL_OS	FACTORY_DIR_SA_ENABLED_FLAG	78	YES	STRING
OB_00030.V_L0TMS__TB_GTM_MODEL_OS	OB_00030	V_L0TMS__TB_GTM_MODEL_OS	FEDERAL_COMMUN_COMM_CODE	79	YES	STRING
OB_00030.V_L0TMS__TB_GTM_MODEL_OS	OB_00030	V_L0TMS__TB_GTM_MODEL_OS	US_CC_PRDFIN_CODE	80	YES	STRING
OB_00030.V_L0TMS__TB_GTM_MODEL_OS	OB_00030	V_L0TMS__TB_GTM_MODEL_OS	PCK_GLASS_MTL_WEIGHT	81	YES	NUMERIC
OB_00030.V_L0TMS__TB_GTM_MODEL_OS	OB_00030	V_L0TMS__TB_GTM_MODEL_OS	GROSS_AREA_SIZE	82	YES	NUMERIC
OB_00030.V_L0TMS__TB_GTM_MODEL_OS	OB_00030	V_L0TMS__TB_GTM_MODEL_OS	HOME_DELIVERY_ENABLED_FLAG	83	YES	STRING
OB_00030.V_L0TMS__TB_GTM_MODEL_OS	OB_00030	V_L0TMS__TB_GTM_MODEL_OS	INSURANCE_ENABLED_FLAG	84	YES	STRING
OB_00030.V_L0TMS__TB_GTM_MODEL_OS	OB_00030	V_L0TMS__TB_GTM_MODEL_OS	SOURCE_CREATED_BY	85	YES	STRING
OB_00030.V_L0TMS__TB_GTM_MODEL_OS	OB_00030	V_L0TMS__TB_GTM_MODEL_OS	SOURCE_CREATION_DATE	86	YES	DATETIME
OB_00030.V_L0TMS__TB_GTM_MODEL_OS	OB_00030	V_L0TMS__TB_GTM_MODEL_OS	SOURCE_LAST_UPDATE_DATE	87	YES	DATETIME
OB_00030.V_L0TMS__TB_GTM_MODEL_OS	OB_00030	V_L0TMS__TB_GTM_MODEL_OS	SOURCE_LAST_UPDATED_BY	88	YES	STRING
OB_00030.V_L0TMS__TB_GTM_MODEL_OS	OB_00030	V_L0TMS__TB_GTM_MODEL_OS	PCK_METAL_ALUMNM_MTL_WEIGHT	89	YES	NUMERIC
OB_00030.V_L0TMS__TB_GTM_MODEL_OS	OB_00030	V_L0TMS__TB_GTM_MODEL_OS	PCK_METAL_STEEL_MTL_WEIGHT	90	YES	NUMERIC
OB_00030.V_L0TMS__TB_GTM_MODEL_OS	OB_00030	V_L0TMS__TB_GTM_MODEL_OS	MIN_SALES_QTY	91	YES	NUMERIC
OB_00030.V_L0TMS__TB_GTM_MODEL_OS	OB_00030	V_L0TMS__TB_GTM_MODEL_OS	MODEL_COMMODITY_CODE	92	YES	STRING
OB_00030.V_L0TMS__TB_GTM_MODEL_OS	OB_00030	V_L0TMS__TB_GTM_MODEL_OS	MODEL_CONFIRM_DATE	93	YES	DATETIME
OB_00030.V_L0TMS__TB_GTM_MODEL_OS	OB_00030	V_L0TMS__TB_GTM_MODEL_OS	MODEL_SPECIFIC_REMARK_DESC	94	YES	STRING
OB_00030.V_L0TMS__TB_GTM_MODEL_OS	OB_00030	V_L0TMS__TB_GTM_MODEL_OS	NTH_FREE_TRD_AGR_ENABLED_FLAG	95	YES	STRING
OB_00030.V_L0TMS__TB_GTM_MODEL_OS	OB_00030	V_L0TMS__TB_GTM_MODEL_OS	NET_AREA_SIZE	96	YES	NUMERIC
OB_00030.V_L0TMS__TB_GTM_MODEL_OS	OB_00030	V_L0TMS__TB_GTM_MODEL_OS	ORDINARY_INCOME_RATE	97	YES	NUMERIC
OB_00030.V_L0TMS__TB_GTM_MODEL_OS	OB_00030	V_L0TMS__TB_GTM_MODEL_OS	ORIGIN_AREA_UOM_CODE	98	YES	STRING
OB_00030.V_L0TMS__TB_GTM_MODEL_OS	OB_00030	V_L0TMS__TB_GTM_MODEL_OS	ORIGIN_COUNTRY_CODE	99	YES	STRING
OB_00030.V_L0TMS__TB_GTM_MODEL_OS	OB_00030	V_L0TMS__TB_GTM_MODEL_OS	ORIGIN_DIMENSION_UOM_CODE	100	YES	STRING
OB_00030.V_L0TMS__TB_GTM_MODEL_OS	OB_00030	V_L0TMS__TB_GTM_MODEL_OS	ORIGIN_VOLUME_UOM_CODE	101	YES	STRING
OB_00030.V_L0TMS__TB_GTM_MODEL_OS	OB_00030	V_L0TMS__TB_GTM_MODEL_OS	ORIGIN_WEIGHT_UOM_CODE	102	YES	STRING
OB_00030.V_L0TMS__TB_GTM_MODEL_OS	OB_00030	V_L0TMS__TB_GTM_MODEL_OS	OSP_SUPPLIER_CODE	103	YES	STRING
OB_00030.V_L0TMS__TB_GTM_MODEL_OS	OB_00030	V_L0TMS__TB_GTM_MODEL_OS	PRM_EFFECTIVE_FROM_DATE	104	YES	DATETIME
OB_00030.V_L0TMS__TB_GTM_MODEL_OS	OB_00030	V_L0TMS__TB_GTM_MODEL_OS	PRM_EFFECTIVE_TO_DATE	105	YES	DATETIME
OB_00030.V_L0TMS__TB_GTM_MODEL_OS	OB_00030	V_L0TMS__TB_GTM_MODEL_OS	PCK_PAPER_FIBERBD_MTL_WEIGHT	106	YES	NUMERIC
OB_00030.V_L0TMS__TB_GTM_MODEL_OS	OB_00030	V_L0TMS__TB_GTM_MODEL_OS	PCK_PLASTICS_MTL_WEIGHT	107	YES	NUMERIC
OB_00030.V_L0TMS__TB_GTM_MODEL_OS	OB_00030	V_L0TMS__TB_GTM_MODEL_OS	PRF_MGT_PGM_MODEL_GRADE_CODE	108	YES	STRING
OB_00030.V_L0TMS__TB_GTM_MODEL_OS	OB_00030	V_L0TMS__TB_GTM_MODEL_OS	PREMIUM_MODEL_FLAG	109	YES	STRING
OB_00030.V_L0TMS__TB_GTM_MODEL_OS	OB_00030	V_L0TMS__TB_GTM_MODEL_OS	PREVIOUS_MODEL_CODE	110	YES	STRING
OB_00030.V_L0TMS__TB_GTM_MODEL_OS	OB_00030	V_L0TMS__TB_GTM_MODEL_OS	SALES_BLOCK_REASON_DESC	111	YES	STRING
OB_00030.V_L0TMS__TB_GTM_MODEL_OS	OB_00030	V_L0TMS__TB_GTM_MODEL_OS	SALES_MODEL_FLAG	112	YES	STRING
OB_00030.V_L0TMS__TB_GTM_MODEL_OS	OB_00030	V_L0TMS__TB_GTM_MODEL_OS	SALES_PLAN_CODE	113	YES	STRING
OB_00030.V_L0TMS__TB_GTM_MODEL_OS	OB_00030	V_L0TMS__TB_GTM_MODEL_OS	SPECIAL_SALES_TYPE_CODE	114	YES	STRING
OB_00030.V_L0TMS__TB_GTM_MODEL_OS	OB_00030	V_L0TMS__TB_GTM_MODEL_OS	PCK_TEXTILE_MTL_WEIGHT	115	YES	NUMERIC
OB_00030.V_L0TMS__TB_GTM_MODEL_OS	OB_00030	V_L0TMS__TB_GTM_MODEL_OS	TRUCK_LOAD_POINT_NUMBER	116	YES	NUMERIC
OB_00030.V_L0TMS__TB_GTM_MODEL_OS	OB_00030	V_L0TMS__TB_GTM_MODEL_OS	EXTERNAL_LOGIS_INTERFACE_FLAG	117	YES	STRING
OB_00030.V_L0TMS__TB_GTM_MODEL_OS	OB_00030	V_L0TMS__TB_GTM_MODEL_OS	PCK_WOOD_MTL_WEIGHT	118	YES	NUMERIC
OB_00030.V_L0TMS__TB_GTM_MODEL_OS	OB_00030	V_L0TMS__TB_GTM_MODEL_OS	INVOICE_ENABLED_FLAG	119	YES	STRING
OB_00030.V_L0TMS__TB_GTM_MODEL_OS	OB_00030	V_L0TMS__TB_GTM_MODEL_OS	PURCHASE_ENABLED_FLAG	120	YES	STRING
OB_00030.V_L0TMS__TB_GTM_MODEL_OS	OB_00030	V_L0TMS__TB_GTM_MODEL_OS	CUSTOMER_ORDER_ENABLED_FLAG	121	YES	STRING
OB_00030.V_L0TMS__TB_GTM_MODEL_OS	OB_00030	V_L0TMS__TB_GTM_MODEL_OS	INVENTORY_ITEM_FLAG	122	YES	STRING
OB_00030.V_L0TMS__TB_GTM_MODEL_OS	OB_00030	V_L0TMS__TB_GTM_MODEL_OS	INVENTORY_ASSET_FLAG	123	YES	STRING
OB_00030.V_L0TMS__TB_GTM_MODEL_OS	OB_00030	V_L0TMS__TB_GTM_MODEL_OS	RETURNABLE_FLAG	124	YES	STRING
OB_00030.V_L0TMS__TB_GTM_MODEL_OS	OB_00030	V_L0TMS__TB_GTM_MODEL_OS	PRIMARY_UOM_CODE	125	YES	STRING
OB_00030.V_L0TMS__TB_GTM_MODEL_OS	OB_00030	V_L0TMS__TB_GTM_MODEL_OS	WEIGHT_UOM_CODE	126	YES	STRING
OB_00030.V_L0TMS__TB_GTM_MODEL_OS	OB_00030	V_L0TMS__TB_GTM_MODEL_OS	VOLUME_UOM_CODE	127	YES	STRING
OB_00030.V_L0TMS__TB_GTM_MODEL_OS	OB_00030	V_L0TMS__TB_GTM_MODEL_OS	DIMENSION_UOM_CODE	128	YES	STRING
OB_00030.V_L0TMS__TB_GTM_MODEL_OS	OB_00030	V_L0TMS__TB_GTM_MODEL_OS	PRODUCT_GROUP1_NAME	129	YES	STRING
OB_00030.V_L0TMS__TB_GTM_MODEL_OS	OB_00030	V_L0TMS__TB_GTM_MODEL_OS	PRODUCT_GROUP2_NAME	130	YES	STRING
OB_00030.V_L0TMS__TB_GTM_MODEL_OS	OB_00030	V_L0TMS__TB_GTM_MODEL_OS	PRODUCT_GROUP3_NAME	131	YES	STRING
OB_00030.V_L0TMS__TB_GTM_MODEL_OS	OB_00030	V_L0TMS__TB_GTM_MODEL_OS	PRODUCT_GROUP4_NAME	132	YES	STRING
OB_00030.V_L0TMS__TB_GTM_MODEL_OS	OB_00030	V_L0TMS__TB_GTM_MODEL_OS	BOM_ITEM_TYPE	133	YES	NUMERIC
OB_00030.V_L0TMS__TB_GTM_MODEL_OS	OB_00030	V_L0TMS__TB_GTM_MODEL_OS	INDIVISIBLE_FLAG	134	YES	STRING
OB_00030.V_L0TMS__TB_GTM_MODEL_OS	OB_00030	V_L0TMS__TB_GTM_MODEL_OS	BASE_SHIPPING_PRICE	135	YES	NUMERIC
OB_00030.V_L0TMS__TB_GTM_MODEL_OS	OB_00030	V_L0TMS__TB_GTM_MODEL_OS	INSTALL_TYPE_CODE	136	YES	STRING
OB_00030.V_L0TMS__TB_GTM_MODEL_OS	OB_00030	V_L0TMS__TB_GTM_MODEL_OS	INTERNAL_ORDER_ENABLED_FLAG	137	YES	STRING
OB_00030.V_L0TMS__TB_GTM_MODEL_OS	OB_00030	V_L0TMS__TB_GTM_MODEL_OS	SHIPPABLE_ITEM_FLAG	138	YES	STRING
OB_00030.V_L0TMS__TB_GTM_MODEL_OS	OB_00030	V_L0TMS__TB_GTM_MODEL_OS	MODEL_CATEGORY_NAME	139	YES	STRING
OB_00030.V_L0TMS__TB_GTM_MODEL_OS	OB_00030	V_L0TMS__TB_GTM_MODEL_OS	PMP_MODEL_GRADE_CODE	140	YES	STRING
OB_00030.V_L0TMS__TB_GTM_MODEL_OS	OB_00030	V_L0TMS__TB_GTM_MODEL_OS	FREIGHT_CLASS_NO	141	YES	NUMERIC
OB_00030.V_L0TMS__TB_GTM_MODEL_OS	OB_00030	V_L0TMS__TB_GTM_MODEL_OS	FREIGHT_CLASSIFICATION_NO	142	YES	NUMERIC
OB_00030.V_L0TMS__TB_GTM_MODEL_OS	OB_00030	V_L0TMS__TB_GTM_MODEL_OS	INTERFACE_ID	143	YES	NUMERIC
OB_00030.V_L0TMS__TB_GTM_MODEL_OS	OB_00030	V_L0TMS__TB_GTM_MODEL_OS	B2BI_TRANSFER_FLAG	144	YES	STRING
OB_00030.V_L0TMS__TB_GTM_MODEL_OS	OB_00030	V_L0TMS__TB_GTM_MODEL_OS	B2BI_TRANSFER_DATE	145	YES	DATETIME
OB_00030.V_L0TMS__TB_GTM_MODEL_OS	OB_00030	V_L0TMS__TB_GTM_MODEL_OS	TRANSFER_FLAG	146	YES	STRING
OB_00030.V_L0TMS__TB_GTM_MODEL_OS	OB_00030	V_L0TMS__TB_GTM_MODEL_OS	TRANSFER_DATE	147	YES	DATETIME
OB_00030.V_L0TMS__TB_GTM_MODEL_OS	OB_00030	V_L0TMS__TB_GTM_MODEL_OS	EDI_ENVELOPE_NO	148	YES	STRING
OB_00030.V_L0TMS__TB_GTM_MODEL_OS	OB_00030	V_L0TMS__TB_GTM_MODEL_OS	EDI_ERROR_CODE	149	YES	STRING
OB_00030.V_L0TMS__TB_GTM_MODEL_OS	OB_00030	V_L0TMS__TB_GTM_MODEL_OS	EDI_ERROR_MESSAGE_TEXT	150	YES	STRING
OB_00030.V_L0TMS__TB_GTM_MODEL_OS	OB_00030	V_L0TMS__TB_GTM_MODEL_OS	EDI_FUNC_ACKNOWLDG_DATE	151	YES	DATETIME
OB_00030.V_L0TMS__TB_GTM_MODEL_OS	OB_00030	V_L0TMS__TB_GTM_MODEL_OS	EDI_FUNC_ACKNOWLDG_NO	152	YES	STRING
OB_00030.V_L0TMS__TB_GTM_MODEL_OS	OB_00030	V_L0TMS__TB_GTM_MODEL_OS	EDI_FUNC_ACKNOWLDG_STATUS_CODE	153	YES	STRING
OB_00030.V_L0TMS__TB_GTM_MODEL_OS	OB_00030	V_L0TMS__TB_GTM_MODEL_OS	EDI_GROUP_NO	154	YES	STRING
OB_00030.V_L0TMS__TB_GTM_MODEL_OS	OB_00030	V_L0TMS__TB_GTM_MODEL_OS	EDI_INTERFACE_DATE	155	YES	DATETIME
OB_00030.V_L0TMS__TB_GTM_MODEL_OS	OB_00030	V_L0TMS__TB_GTM_MODEL_OS	EDI_RECEIVER_ID	156	YES	STRING
OB_00030.V_L0TMS__TB_GTM_MODEL_OS	OB_00030	V_L0TMS__TB_GTM_MODEL_OS	EDI_SENDER_ID	157	YES	STRING
OB_00030.V_L0TMS__TB_GTM_MODEL_OS	OB_00030	V_L0TMS__TB_GTM_MODEL_OS	EDI_SUB_RECEIVER_ID	158	YES	STRING
OB_00030.V_L0TMS__TB_GTM_MODEL_OS	OB_00030	V_L0TMS__TB_GTM_MODEL_OS	EDI_SUB_SENDER_ID	159	YES	STRING
OB_00030.V_L0TMS__TB_GTM_MODEL_OS	OB_00030	V_L0TMS__TB_GTM_MODEL_OS	EDI_TRANSACTION_NO	160	YES	STRING
OB_00030.V_L0TMS__TB_GTM_MODEL_OS	OB_00030	V_L0TMS__TB_GTM_MODEL_OS	DISTRIBUTION_FLAG	161	YES	STRING
OB_00030.V_L0TMS__TB_GTM_MODEL_OS	OB_00030	V_L0TMS__TB_GTM_MODEL_OS	BAM_SEQUENCE_ID	162	YES	NUMERIC
OB_00030.V_L0TMS__TB_GTM_MODEL_OS	OB_00030	V_L0TMS__TB_GTM_MODEL_OS	GLOBAL_UNIQUE_ID	163	YES	STRING
OB_00030.V_L0TMS__TB_GTM_MODEL_OS	OB_00030	V_L0TMS__TB_GTM_MODEL_OS	OLD_GLOBAL_UNIQUE_ID	164	YES	STRING
OB_00030.V_L0TMS__TB_GTM_MODEL_OS	OB_00030	V_L0TMS__TB_GTM_MODEL_OS	STEP_CODE	165	YES	STRING
OB_00030.V_L0TMS__TB_GTM_MODEL_OS	OB_00030	V_L0TMS__TB_GTM_MODEL_OS	STEP_STATUS_CODE	166	YES	STRING
OB_00030.V_L0TMS__TB_GTM_MODEL_OS	OB_00030	V_L0TMS__TB_GTM_MODEL_OS	CREATION_DATE	167	YES	DATETIME
OB_00030.V_L0TMS__TB_GTM_MODEL_OS	OB_00030	V_L0TMS__TB_GTM_MODEL_OS	LAST_UPDATE_DATE	168	YES	DATETIME
OB_00030.V_L0TMS__TB_GTM_MODEL_OS	OB_00030	V_L0TMS__TB_GTM_MODEL_OS	LAST_UPDATED_BY	169	YES	NUMERIC
OB_00030.V_L0TMS__TB_GTM_MODEL_OS	OB_00030	V_L0TMS__TB_GTM_MODEL_OS	ATTRIBUTE1	170	YES	STRING
OB_00030.V_L0TMS__TB_GTM_MODEL_OS	OB_00030	V_L0TMS__TB_GTM_MODEL_OS	ATTRIBUTE2	171	YES	STRING
OB_00030.V_L0TMS__TB_GTM_MODEL_OS	OB_00030	V_L0TMS__TB_GTM_MODEL_OS	ATTRIBUTE3	172	YES	STRING
OB_00030.V_L0TMS__TB_GTM_MODEL_OS	OB_00030	V_L0TMS__TB_GTM_MODEL_OS	ATTRIBUTE4	173	YES	STRING
OB_00030.V_L0TMS__TB_GTM_MODEL_OS	OB_00030	V_L0TMS__TB_GTM_MODEL_OS	ATTRIBUTE5	174	YES	STRING
OB_00030.V_L0TMS__TB_GTM_MODEL_OS	OB_00030	V_L0TMS__TB_GTM_MODEL_OS	ATTRIBUTE6	175	YES	STRING
OB_00030.V_L0TMS__TB_GTM_MODEL_OS	OB_00030	V_L0TMS__TB_GTM_MODEL_OS	ATTRIBUTE7	176	YES	STRING
OB_00030.V_L0TMS__TB_GTM_MODEL_OS	OB_00030	V_L0TMS__TB_GTM_MODEL_OS	ATTRIBUTE8	177	YES	STRING
OB_00030.V_L0TMS__TB_GTM_MODEL_OS	OB_00030	V_L0TMS__TB_GTM_MODEL_OS	ATTRIBUTE9	178	YES	STRING
OB_00030.V_L0TMS__TB_GTM_MODEL_OS	OB_00030	V_L0TMS__TB_GTM_MODEL_OS	ATTRIBUTE10	179	YES	STRING
OB_00030.V_L0TMS__TB_GTM_MODEL_OS	OB_00030	V_L0TMS__TB_GTM_MODEL_OS	ATTRIBUTE11	180	YES	STRING
OB_00030.V_L0TMS__TB_GTM_MODEL_OS	OB_00030	V_L0TMS__TB_GTM_MODEL_OS	ATTRIBUTE12	181	YES	STRING
OB_00030.V_L0TMS__TB_GTM_MODEL_OS	OB_00030	V_L0TMS__TB_GTM_MODEL_OS	ATTRIBUTE13	182	YES	STRING
OB_00030.V_L0TMS__TB_GTM_MODEL_OS	OB_00030	V_L0TMS__TB_GTM_MODEL_OS	ATTRIBUTE14	183	YES	STRING
OB_00030.V_L0TMS__TB_GTM_MODEL_OS	OB_00030	V_L0TMS__TB_GTM_MODEL_OS	ATTRIBUTE15	184	YES	STRING
OB_00030.V_L0TMS__TB_GTM_MODEL_OS	OB_00030	V_L0TMS__TB_GTM_MODEL_OS	ATTRIBUTE16	185	YES	STRING
OB_00030.V_L0TMS__TB_GTM_MODEL_OS	OB_00030	V_L0TMS__TB_GTM_MODEL_OS	ATTRIBUTE17	186	YES	STRING
OB_00030.V_L0TMS__TB_GTM_MODEL_OS	OB_00030	V_L0TMS__TB_GTM_MODEL_OS	ATTRIBUTE18	187	YES	STRING
OB_00030.V_L0TMS__TB_GTM_MODEL_OS	OB_00030	V_L0TMS__TB_GTM_MODEL_OS	ATTRIBUTE19	188	YES	STRING
OB_00030.V_L0TMS__TB_GTM_MODEL_OS	OB_00030	V_L0TMS__TB_GTM_MODEL_OS	ATTRIBUTE20	189	YES	STRING
OB_00030.V_L0TMS__TB_GTM_MODEL_OS	OB_00030	V_L0TMS__TB_GTM_MODEL_OS	ATTRIBUTE21	190	YES	STRING
OB_00030.V_L0TMS__TB_GTM_MODEL_OS	OB_00030	V_L0TMS__TB_GTM_MODEL_OS	ATTRIBUTE22	191	YES	STRING
OB_00030.V_L0TMS__TB_GTM_MODEL_OS	OB_00030	V_L0TMS__TB_GTM_MODEL_OS	ATTRIBUTE23	192	YES	STRING
OB_00030.V_L0TMS__TB_GTM_MODEL_OS	OB_00030	V_L0TMS__TB_GTM_MODEL_OS	ATTRIBUTE24	193	YES	STRING
OB_00030.V_L0TMS__TB_GTM_MODEL_OS	OB_00030	V_L0TMS__TB_GTM_MODEL_OS	ATTRIBUTE25	194	YES	STRING
OB_00030.V_L0TMS__TB_GTM_MODEL_OS	OB_00030	V_L0TMS__TB_GTM_MODEL_OS	ATTRIBUTE26	195	YES	STRING
OB_00030.V_L0TMS__TB_GTM_MODEL_OS	OB_00030	V_L0TMS__TB_GTM_MODEL_OS	ATTRIBUTE27	196	YES	STRING
OB_00030.V_L0TMS__TB_GTM_MODEL_OS	OB_00030	V_L0TMS__TB_GTM_MODEL_OS	ATTRIBUTE28	197	YES	STRING
OB_00030.V_L0TMS__TB_GTM_MODEL_OS	OB_00030	V_L0TMS__TB_GTM_MODEL_OS	ATTRIBUTE29	198	YES	STRING
OB_00030.V_L0TMS__TB_GTM_MODEL_OS	OB_00030	V_L0TMS__TB_GTM_MODEL_OS	ATTRIBUTE30	199	YES	STRING
OB_00030.V_L0TMS__TB_GTM_MODEL_OS	OB_00030	V_L0TMS__TB_GTM_MODEL_OS	ATTRIBUTE31	200	YES	STRING
OB_00030.V_L0TMS__TB_GTM_MODEL_OS	OB_00030	V_L0TMS__TB_GTM_MODEL_OS	ATTRIBUTE32	201	YES	STRING
OB_00030.V_L0TMS__TB_GTM_MODEL_OS	OB_00030	V_L0TMS__TB_GTM_MODEL_OS	ATTRIBUTE33	202	YES	STRING
OB_00030.V_L0TMS__TB_GTM_MODEL_OS	OB_00030	V_L0TMS__TB_GTM_MODEL_OS	ATTRIBUTE34	203	YES	STRING
OB_00030.V_L0TMS__TB_GTM_MODEL_OS	OB_00030	V_L0TMS__TB_GTM_MODEL_OS	ATTRIBUTE35	204	YES	STRING
OB_00030.V_L0TMS__TB_GTM_MODEL_OS	OB_00030	V_L0TMS__TB_GTM_MODEL_OS	ATTRIBUTE36	205	YES	STRING
OB_00030.V_L0TMS__TB_GTM_MODEL_OS	OB_00030	V_L0TMS__TB_GTM_MODEL_OS	ATTRIBUTE37	206	YES	STRING
OB_00030.V_L0TMS__TB_GTM_MODEL_OS	OB_00030	V_L0TMS__TB_GTM_MODEL_OS	ATTRIBUTE38	207	YES	STRING
OB_00030.V_L0TMS__TB_GTM_MODEL_OS	OB_00030	V_L0TMS__TB_GTM_MODEL_OS	ATTRIBUTE39	208	YES	STRING
OB_00030.V_L0TMS__TB_GTM_MODEL_OS	OB_00030	V_L0TMS__TB_GTM_MODEL_OS	ATTRIBUTE40	209	YES	STRING
OB_00030.V_L0TMS__TB_GTM_MODEL_OS	OB_00030	V_L0TMS__TB_GTM_MODEL_OS	ATTRIBUTE41	210	YES	STRING
OB_00030.V_L0TMS__TB_GTM_MODEL_OS	OB_00030	V_L0TMS__TB_GTM_MODEL_OS	ATTRIBUTE42	211	YES	STRING
OB_00030.V_L0TMS__TB_GTM_MODEL_OS	OB_00030	V_L0TMS__TB_GTM_MODEL_OS	ATTRIBUTE43	212	YES	STRING
OB_00030.V_L0TMS__TB_GTM_MODEL_OS	OB_00030	V_L0TMS__TB_GTM_MODEL_OS	ATTRIBUTE44	213	YES	STRING
OB_00030.V_L0TMS__TB_GTM_MODEL_OS	OB_00030	V_L0TMS__TB_GTM_MODEL_OS	ATTRIBUTE45	214	YES	STRING
OB_00030.V_L0TMS__TB_GTM_MODEL_OS	OB_00030	V_L0TMS__TB_GTM_MODEL_OS	ATTRIBUTE46	215	YES	STRING
OB_00030.V_L0TMS__TB_GTM_MODEL_OS	OB_00030	V_L0TMS__TB_GTM_MODEL_OS	ATTRIBUTE47	216	YES	STRING
OB_00030.V_L0TMS__TB_GTM_MODEL_OS	OB_00030	V_L0TMS__TB_GTM_MODEL_OS	ATTRIBUTE48	217	YES	STRING
OB_00030.V_L0TMS__TB_GTM_MODEL_OS	OB_00030	V_L0TMS__TB_GTM_MODEL_OS	ATTRIBUTE49	218	YES	STRING
OB_00030.V_L0TMS__TB_GTM_MODEL_OS	OB_00030	V_L0TMS__TB_GTM_MODEL_OS	ATTRIBUTE50	219	YES	STRING
OB_00030.V_L0TMS__TB_GTM_MODEL_OS	OB_00030	V_L0TMS__TB_GTM_MODEL_OS	INTERFACE_TYPE_CODE	220	YES	STRING
OB_00030.V_L0TMS__TB_GTM_MODEL_OS	OB_00030	V_L0TMS__TB_GTM_MODEL_OS	JOB_TYPE_CODE	221	YES	STRING
OB_00030.V_L0TMS__TB_GTM_MODEL_OS	OB_00030	V_L0TMS__TB_GTM_MODEL_OS	SALES_CHANNEL_CODE	222	YES	STRING
OB_00030.V_L0TMS__TB_GTM_MODEL_OS	OB_00030	V_L0TMS__TB_GTM_MODEL_OS	SALES_CHANNEL_ENABLED_FLAG	223	YES	STRING
OB_00030.V_L0TMS__TB_GTM_MODEL_OS	OB_00030	V_L0TMS__TB_GTM_MODEL_OS	TMS_CU_FLAG	224	YES	STRING
OB_00030.V_L0TMS__TB_GTM_MODEL_OS	OB_00030	V_L0TMS__TB_GTM_MODEL_OS	TMS_CU_DATE	225	YES	DATETIME
OB_00030.V_L0TMS__TB_GTM_MODEL_OS	OB_00030	V_L0TMS__TB_GTM_MODEL_OS	ERR_MSG	226	YES	STRING
SCM_OLAP.M_SO_LINE	SCM_OLAP	M_SO_LINE	AFFILIATE_CODE	1	YES	STRING
SCM_OLAP.M_SO_LINE	SCM_OLAP	M_SO_LINE	SUBSDR_NAME	2	YES	STRING
SCM_OLAP.M_SO_LINE	SCM_OLAP	M_SO_LINE	ACCOUNTING_UNIT_CODE	3	YES	STRING
SCM_OLAP.M_SO_LINE	SCM_OLAP	M_SO_LINE	HQ_ACCOUNTING_UNIT_CODE	4	YES	STRING
SCM_OLAP.M_SO_LINE	SCM_OLAP	M_SO_LINE	DOMAIN_CODE	5	YES	STRING
SCM_OLAP.M_SO_LINE	SCM_OLAP	M_SO_LINE	PARENT_CHANNEL_MEANING	6	YES	STRING
SCM_OLAP.M_SO_LINE	SCM_OLAP	M_SO_LINE	SALES_CHANNEL_NAME	7	YES	STRING
SCM_OLAP.M_SO_LINE	SCM_OLAP	M_SO_LINE	CUSTOMER_CODE	8	YES	STRING
SCM_OLAP.M_SO_LINE	SCM_OLAP	M_SO_LINE	MDMS_CUSTOMER_CODE	9	YES	STRING
SCM_OLAP.M_SO_LINE	SCM_OLAP	M_SO_LINE	CUSTOMER_NAME	10	YES	STRING
SCM_OLAP.M_SO_LINE	SCM_OLAP	M_SO_LINE	BILL_TO_CUSTOMER_CODE	11	YES	STRING
SCM_OLAP.M_SO_LINE	SCM_OLAP	M_SO_LINE	BILL_TO_CUSTOMER_NAME	12	YES	STRING
SCM_OLAP.M_SO_LINE	SCM_OLAP	M_SO_LINE	SHIP_TO_CUSTOMER_CODE	13	YES	STRING
SCM_OLAP.M_SO_LINE	SCM_OLAP	M_SO_LINE	SHIP_TO_CUSTOMER_NAME	14	YES	STRING
SCM_OLAP.M_SO_LINE	SCM_OLAP	M_SO_LINE	PROJECT_CODE	15	YES	STRING
SCM_OLAP.M_SO_LINE	SCM_OLAP	M_SO_LINE	SHIP_TO_STATE_CODE	16	YES	STRING
SCM_OLAP.M_SO_LINE	SCM_OLAP	M_SO_LINE	SHIP_TO_CITY_NAME	17	YES	STRING
SCM_OLAP.M_SO_LINE	SCM_OLAP	M_SO_LINE	SHIP_TO_POSTAL_CODE	18	YES	STRING
SCM_OLAP.M_SO_LINE	SCM_OLAP	M_SO_LINE	MODEL_CODE	19	YES	STRING
SCM_OLAP.M_SO_LINE	SCM_OLAP	M_SO_LINE	MODE_DESC	20	YES	STRING
SCM_OLAP.M_SO_LINE	SCM_OLAP	M_SO_LINE	MODEL_CATEGORY	21	YES	STRING
SCM_OLAP.M_SO_LINE	SCM_OLAP	M_SO_LINE	PRODUCT_LEVEL1_CODE	22	YES	STRING
SCM_OLAP.M_SO_LINE	SCM_OLAP	M_SO_LINE	PRODUCT_LEVEL2_CODE	23	YES	STRING
SCM_OLAP.M_SO_LINE	SCM_OLAP	M_SO_LINE	PRODUCT_LEVEL3_CODE	24	YES	STRING
SCM_OLAP.M_SO_LINE	SCM_OLAP	M_SO_LINE	PRODUCT_LEVEL4_CODE	25	YES	STRING
SCM_OLAP.M_SO_LINE	SCM_OLAP	M_SO_LINE	ORDER_CATEGORY_CODE	26	YES	STRING
SCM_OLAP.M_SO_LINE	SCM_OLAP	M_SO_LINE	ORDER_TYPE_NAME	27	YES	STRING
SCM_OLAP.M_SO_LINE	SCM_OLAP	M_SO_LINE	LINE_CATEGORY_CODE	28	YES	STRING
SCM_OLAP.M_SO_LINE	SCM_OLAP	M_SO_LINE	SALES_ORDER_NO	29	YES	STRING
SCM_OLAP.M_SO_LINE	SCM_OLAP	M_SO_LINE	ORDER_HEADER_ID	30	YES	NUMERIC
SCM_OLAP.M_SO_LINE	SCM_OLAP	M_SO_LINE	SALES_ORDER_LINE_NO	31	YES	STRING
SCM_OLAP.M_SO_LINE	SCM_OLAP	M_SO_LINE	ORDER_LINE_ID	32	YES	NUMERIC
SCM_OLAP.M_SO_LINE	SCM_OLAP	M_SO_LINE	CUST_PO_NO	33	YES	STRING
SCM_OLAP.M_SO_LINE	SCM_OLAP	M_SO_LINE	PICK_NO	34	YES	STRING
SCM_OLAP.M_SO_LINE	SCM_OLAP	M_SO_LINE	ORDER_STATUS_CODE	35	YES	STRING
SCM_OLAP.M_SO_LINE	SCM_OLAP	M_SO_LINE	LINE_STATUS_CODE	36	YES	STRING
SCM_OLAP.M_SO_LINE	SCM_OLAP	M_SO_LINE	LINE_TYPE_NAME	37	YES	STRING
SCM_OLAP.M_SO_LINE	SCM_OLAP	M_SO_LINE	LINE_STATUS_CODE2	38	YES	STRING
SCM_OLAP.M_SO_LINE	SCM_OLAP	M_SO_LINE	OPEN_FLAG	39	YES	STRING
SCM_OLAP.M_SO_LINE	SCM_OLAP	M_SO_LINE	INVENTORY_RESERVED	40	YES	STRING
SCM_OLAP.M_SO_LINE	SCM_OLAP	M_SO_LINE	WAREHOUSE_CODE	41	YES	STRING
SCM_OLAP.M_SO_LINE	SCM_OLAP	M_SO_LINE	SUBINVENTORY_CODE	42	YES	STRING
SCM_OLAP.M_SO_LINE	SCM_OLAP	M_SO_LINE	PICK_RELEASE_YN	43	YES	STRING
SCM_OLAP.M_SO_LINE	SCM_OLAP	M_SO_LINE	HOLD_FLAG	44	YES	STRING
SCM_OLAP.M_SO_LINE	SCM_OLAP	M_SO_LINE	ORDER_HOLD_ID	45	YES	NUMERIC
SCM_OLAP.M_SO_LINE	SCM_OLAP	M_SO_LINE	HOLD_NAME	46	YES	STRING
SCM_OLAP.M_SO_LINE	SCM_OLAP	M_SO_LINE	RELEASE_DATE	47	YES	DATETIME
SCM_OLAP.M_SO_LINE	SCM_OLAP	M_SO_LINE	BACK_ORDER_HOLD	48	YES	STRING
SCM_OLAP.M_SO_LINE	SCM_OLAP	M_SO_LINE	CREDIT_HOLD	49	YES	STRING
SCM_OLAP.M_SO_LINE	SCM_OLAP	M_SO_LINE	OVERDUE_HOLD	50	YES	STRING
SCM_OLAP.M_SO_LINE	SCM_OLAP	M_SO_LINE	CUSTOMER_HOLD	51	YES	STRING
SCM_OLAP.M_SO_LINE	SCM_OLAP	M_SO_LINE	PAYTERM_TERM_HOLD	52	YES	STRING
SCM_OLAP.M_SO_LINE	SCM_OLAP	M_SO_LINE	FP_HOLD	53	YES	STRING
SCM_OLAP.M_SO_LINE	SCM_OLAP	M_SO_LINE	MINIMUM_HOLD	54	YES	STRING
SCM_OLAP.M_SO_LINE	SCM_OLAP	M_SO_LINE	FUTURE_HOLD	55	YES	STRING
SCM_OLAP.M_SO_LINE	SCM_OLAP	M_SO_LINE	RESERVE_HOLD	56	YES	STRING
SCM_OLAP.M_SO_LINE	SCM_OLAP	M_SO_LINE	MANUAL_HOLD	57	YES	STRING
SCM_OLAP.M_SO_LINE	SCM_OLAP	M_SO_LINE	AUTO_PENDING_HOLD	58	YES	STRING
SCM_OLAP.M_SO_LINE	SCM_OLAP	M_SO_LINE	SA_HOLD	59	YES	STRING
SCM_OLAP.M_SO_LINE	SCM_OLAP	M_SO_LINE	FORM_HOLD	60	YES	STRING
SCM_OLAP.M_SO_LINE	SCM_OLAP	M_SO_LINE	BANK_COLLATERAL_HOLD	61	YES	STRING
SCM_OLAP.M_SO_LINE	SCM_OLAP	M_SO_LINE	INSURANCE_HOLD	62	YES	STRING
SCM_OLAP.M_SO_LINE	SCM_OLAP	M_SO_LINE	ETC_HOLD	63	YES	STRING
SCM_OLAP.M_SO_LINE	SCM_OLAP	M_SO_LINE	UNIT_SELLING_PRICE	64	YES	NUMERIC
SCM_OLAP.M_SO_LINE	SCM_OLAP	M_SO_LINE	UNIT_LIST_PRICE	65	YES	NUMERIC
SCM_OLAP.M_SO_LINE	SCM_OLAP	M_SO_LINE	CURRENCY_CODE	66	YES	STRING
SCM_OLAP.M_SO_LINE	SCM_OLAP	M_SO_LINE	CUST_PO_DATE	67	YES	DATETIME
SCM_OLAP.M_SO_LINE	SCM_OLAP	M_SO_LINE	ORDERED_DATE	68	YES	DATE
SCM_OLAP.M_SO_LINE	SCM_OLAP	M_SO_LINE	BOOKED_DATE	69	YES	DATE
SCM_OLAP.M_SO_LINE	SCM_OLAP	M_SO_LINE	REQUEST_ARRIVAL_FROM_DATE	70	YES	DATETIME
SCM_OLAP.M_SO_LINE	SCM_OLAP	M_SO_LINE	REQUEST_ARRIVAL_TO_DATE	71	YES	DATETIME
SCM_OLAP.M_SO_LINE	SCM_OLAP	M_SO_LINE	CUSTOMER_RAD	72	YES	DATETIME
SCM_OLAP.M_SO_LINE	SCM_OLAP	M_SO_LINE	REQUEST_SHIPPING_DATE	73	YES	DATETIME
SCM_OLAP.M_SO_LINE	SCM_OLAP	M_SO_LINE	PICK_RELEASE_DATE	74	YES	DATETIME
SCM_OLAP.M_SO_LINE	SCM_OLAP	M_SO_LINE	APPOINTMENT_FROM_DATE	75	YES	DATE
SCM_OLAP.M_SO_LINE	SCM_OLAP	M_SO_LINE	APPOINTMENT_TO_DATE	76	YES	DATE
SCM_OLAP.M_SO_LINE	SCM_OLAP	M_SO_LINE	PROMISED_ARRIVAL_DATE	77	YES	DATETIME
SCM_OLAP.M_SO_LINE	SCM_OLAP	M_SO_LINE	PROMISED_SHIP_DATE	78	YES	DATETIME
SCM_OLAP.M_SO_LINE	SCM_OLAP	M_SO_LINE	PICKING_DATE	79	YES	DATETIME
SCM_OLAP.M_SO_LINE	SCM_OLAP	M_SO_LINE	ACTUAL_SHIPMENT_DATE	80	YES	DATE
SCM_OLAP.M_SO_LINE	SCM_OLAP	M_SO_LINE	SALES_DATE	81	YES	DATETIME
SCM_OLAP.M_SO_LINE	SCM_OLAP	M_SO_LINE	SALESPERSON_NAME	82	YES	STRING
SCM_OLAP.M_SO_LINE	SCM_OLAP	M_SO_LINE	SHIPPING_METHOD_CODE	83	YES	STRING
SCM_OLAP.M_SO_LINE	SCM_OLAP	M_SO_LINE	SHIPPING_REMARK_INFO	84	YES	STRING
SCM_OLAP.M_SO_LINE	SCM_OLAP	M_SO_LINE	STATUS	85	YES	STRING
SCM_OLAP.M_SO_LINE	SCM_OLAP	M_SO_LINE	CONVERSION_RATE	86	YES	NUMERIC
SCM_OLAP.M_SO_LINE	SCM_OLAP	M_SO_LINE	USER_CONVERSION_TYPE_CODE	87	YES	STRING
SCM_OLAP.M_SO_LINE	SCM_OLAP	M_SO_LINE	INVOICE_REMARK	88	YES	STRING
SCM_OLAP.M_SO_LINE	SCM_OLAP	M_SO_LINE	CREATION_DATE	89	YES	DATETIME
SCM_OLAP.M_SO_LINE	SCM_OLAP	M_SO_LINE	ORDER_QTY	90	YES	NUMERIC
SCM_OLAP.M_SO_LINE	SCM_OLAP	M_SO_LINE	CANCEL_QTY	91	YES	NUMERIC
SCM_OLAP.M_SO_LINE	SCM_OLAP	M_SO_LINE	ORDER_AMOUNT	92	YES	NUMERIC
SCM_OLAP.M_SO_LINE	SCM_OLAP	M_SO_LINE	PICK_RELEASE_QTY	93	YES	NUMERIC
SCM_OLAP.M_SO_LINE	SCM_OLAP	M_SO_LINE	AP_ORDER_AMOUNT	94	YES	NUMERIC
SCM_OLAP.M_SO_LINE	SCM_OLAP	M_SO_LINE	IL_BRANCH	95	YES	STRING
SCM_OLAP.M_SO_LINE	SCM_OLAP	M_SO_LINE	TAX_AMOUNT	96	YES	NUMERIC
SCM_OLAP.M_SO_LINE	SCM_OLAP	M_SO_LINE	CHARGE_AMOUNT	97	YES	NUMERIC
SCM_OLAP.M_SO_LINE	SCM_OLAP	M_SO_LINE	IL_MODEL_CATEGORY	98	YES	STRING
SCM_OLAP.M_SO_LINE	SCM_OLAP	M_SO_LINE	PRODUCT_VALUE	99	YES	NUMERIC
SCM_OLAP.M_SO_LINE	SCM_OLAP	M_SO_LINE	ITEM_TYPE	100	YES	STRING
SCM_OLAP.M_SO_LINE	SCM_OLAP	M_SO_LINE	INIT_PROMISED_ARRIVAL_DATE	101	YES	DATE

